id,year,contracting_authority_official_name,contracting_authority_country,contracting_authority_nut,contracting_authority_main_activity,object_title,object_type,object_description,object_total_value,cpv,award_criteria,procedure_type,url,object_total_value_clean,tenders,group_economic_operator,subcontracting,contractors,contractors_countries,contractors_total_value,contractors_total_value_clean,contractors_clean,VIS,Eurodac,SIS I,SIS II,Entry Exit System
410436-2020,2020,"European Union Agency for the operational management of large-scale IT systems in the area of freedom, security and justice (eu-LISA)",France,FR FRANCE,General public services,Transversal Engineering Framework (TEF) Lot 2,Services,,187 000 000.00 EUR,"72000000 IT services: consulting, software development, Internet and support",Quality criterion - Name: Quality / Weighting: 70,Open procedure,https://ted.europa.eu/udl?uri=TED:NOTICE:410436-2020:TEXT:EN:HTML&src=0,187000000.0,6,no,The contract is likely to be subcontracted,[' Intrasoft International SA'],[' Luxembourg'],187 000 000.00 EUR,187000000.0, Intrasoft International SA,False,False,False,False,False
410436-2020,2020,"European Union Agency for the operational management of large-scale IT systems in the area of freedom, security and justice (eu-LISA)",France,FR FRANCE,General public services,Transversal Engineering Framework (TEF) Lot 2,Services,,187 000 000.00 EUR,"72000000 IT services: consulting, software development, Internet and support",Quality criterion - Name: Quality / Weighting: 70,Open procedure,https://ted.europa.eu/udl?uri=TED:NOTICE:410436-2020:TEXT:EN:HTML&src=0,187000000.0,6,no,The contract is likely to be subcontracted,[' Atos Belgium N.V./S.A.'],[' Belgium'],187 000 000.00 EUR,187000000.0, Atos Belgium N.V./S.A.,False,False,False,False,False
410436-2020,2020,"European Union Agency for the operational management of large-scale IT systems in the area of freedom, security and justice (eu-LISA)",France,FR FRANCE,General public services,Transversal Engineering Framework (TEF) Lot 2,Services,,187 000 000.00 EUR,"72000000 IT services: consulting, software development, Internet and support",Quality criterion - Name: Quality / Weighting: 70,Open procedure,https://ted.europa.eu/udl?uri=TED:NOTICE:410436-2020:TEXT:EN:HTML&src=0,187000000.0,6,yes,,"[' European Dynamics Luxembourg SA (Group Leader)', ' European Dynamics SA', ' European Dynamics Belgium SA']","[' Luxembourg', ' Greece', ' Belgium']",187 000 000.00 EUR,187000000.0,European Dynamics,False,False,False,False,False
410436-2020,2020,"European Union Agency for the operational management of large-scale IT systems in the area of freedom, security and justice (eu-LISA)",France,FR FRANCE,General public services,Transversal Engineering Framework (TEF) Lot 2,Services,,187 000 000.00 EUR,"72000000 IT services: consulting, software development, Internet and support",Quality criterion - Name: Quality / Weighting: 70,Open procedure,https://ted.europa.eu/udl?uri=TED:NOTICE:410436-2020:TEXT:EN:HTML&src=0,187000000.0,6,yes,The contract is likely to be subcontracted,"[' Sopra Steria Benelux NV/SA (Group leader)', ' Everis Belgique SPRL']","[' Belgium', ' Belgium']",187 000 000.00 EUR,187000000.0," Sopra Steria Benelux NV/SA (Group leader), Everis Belgique SPRL",False,False,False,False,False
410436-2020,2020,"European Union Agency for the operational management of large-scale IT systems in the area of freedom, security and justice (eu-LISA)",France,FR FRANCE,General public services,Transversal Engineering Framework (TEF) Lot 2,Services,,187 000 000.00 EUR,"72000000 IT services: consulting, software development, Internet and support",Quality criterion - Name: Quality / Weighting: 70,Open procedure,https://ted.europa.eu/udl?uri=TED:NOTICE:410436-2020:TEXT:EN:HTML&src=0,187000000.0,6,yes,The contract is likely to be subcontracted,"[' ARHS Developments SA (Group Leader)', ' Sword Technologies SA']","[' Luxembourg', ' Luxembourg']",187 000 000.00 EUR,187000000.0," ARHS Developments SA (Group Leader), Sword Technologies SA",False,False,False,False,False
314969-2020,2020,"European Union Agency for the Operational Management of Large-scale IT Systems in the Area of Freedom, Security and Justice (EU-LISA)",Estonia,EE001 Põhja-Eesti,General public services,Supply of Personal Protective Equipment (Face Masks) for EU-LISA,Supplies,,127 060.00 EUR,35113400 Protective and safety clothing,Price,Award of a contract without prior publication of a call for competition in the Official Journal of the European Union in the cases listed below,https://ted.europa.eu/udl?uri=TED:NOTICE:314969-2020:TEXT:EN:HTML&src=0,127060.0,1,no,,[' 365JP OÜ'],[' Estonia'],127 060.00 EUR,127060.0, 365JP OÜ,False,False,False,False,False
200083-2020,2020,"European Union Agency for the operational management of large-scale IT systems in the area of freedom, security and justice (eu-LISA)",Estonia,EE001 Põhja-Eesti,General public services,Framework Contract for Implementation and Maintenance in Working Order of the Biometrics Part of the Entry Exit System and Future Shared Biometrics Matching System,Services,,302 550 000.00 EUR,"72000000 IT services: consulting, software development, Internet and support",Quality criterion - Name: Technical offer / Weighting: 60,Restricted procedure,https://ted.europa.eu/udl?uri=TED:NOTICE:200083-2020:TEXT:EN:HTML&src=0,302550000.0,3,yes,The contract is likely to be subcontracted,"[' Idemia Identity & Security SAS', ' Sopra Steria Benelux SA/NV']","[' France', ' Belgium']",302 550 000.00 EUR,302550000.0," Idemia Identity & Security SAS, Sopra Steria Benelux SA/NV",False,False,False,False,True
170115-2020,2020,"European Union Agency for the operational management of large-scale IT systems in the area of freedom, security and justice (eu-LISA)",Estonia,EE001 Põhja-Eesti,General public services,ICT External Assistance HQ,Services,,12 001 600.00 EUR,"72000000 IT services: consulting, software development, Internet and support",Quality criterion - Name: Quality of tenderer’s proposal (including due diligence and phase-in plan) / Weighting: 60,Award of a contract without prior publication of a call for competition in the Official Journal of the European Union in the cases listed below,https://ted.europa.eu/udl?uri=TED:NOTICE:170115-2020:TEXT:EN:HTML&src=0,12001600.0,2,yes,The contract is likely to be subcontracted,"[' Unisys Belgium SA', ' PwC EU Services EESV', ' UniSystems Information Technology Systems Commercial SMSA']","[' Belgium', ' Belgium', ' Greece']",12 001 600.00 EUR,12001600.0," Unisys Belgium SA, PwC EU Services EESV, UniSystems Information Technology Systems Commercial SMSA",False,False,False,False,False
596080-2019,2019,"European Union Agency for the operational management of large-scale IT systems in the area of freedom, security and justice (eu-LISA)",Estonia,EE001 Põhja-Eesti,General public services,Provision of External Assistance (EXTRA),Services,,76 060 316.00 EUR,"72000000 IT services: consulting, software development, Internet and support",Quality criterion - Name: Quality of tenderer’s proposal (including due diligence and phase-in plan) / Weighting: 15,Open procedure,https://ted.europa.eu/udl?uri=TED:NOTICE:596080-2019:TEXT:EN:HTML&src=0,76060316.0,4,no,,[' Infeurope SA'],[' Luxembourg'],5 465 500.00 EUR,5465500.0,Infeurope SA,False,False,False,False,False
596080-2019,2019,"European Union Agency for the operational management of large-scale IT systems in the area of freedom, security and justice (eu-LISA)",Estonia,EE001 Põhja-Eesti,General public services,Provision of External Assistance (EXTRA),Services,,76 060 316.00 EUR,"72000000 IT services: consulting, software development, Internet and support",Quality criterion - Name: Quality of tenderer’s proposal (including due diligence and phase-in plan) / Weighting: 15,Open procedure,https://ted.europa.eu/udl?uri=TED:NOTICE:596080-2019:TEXT:EN:HTML&src=0,76060316.0,4,yes,,"[' Civitta Eesti AS', ' Advokaadiburoo Sorainen AS']","[' Estonia', ' Estonia']",5 465 500.00 EUR,5465500.0," Civitta Eesti AS, Advokaadiburoo Sorainen AS",False,False,False,False,False
596080-2019,2019,"European Union Agency for the operational management of large-scale IT systems in the area of freedom, security and justice (eu-LISA)",Estonia,EE001 Põhja-Eesti,General public services,Provision of External Assistance (EXTRA),Services,,76 060 316.00 EUR,"72000000 IT services: consulting, software development, Internet and support",Quality criterion - Name: Quality of tenderer’s proposal (including due diligence and phase-in plan) / Weighting: 15,Open procedure,https://ted.europa.eu/udl?uri=TED:NOTICE:596080-2019:TEXT:EN:HTML&src=0,76060316.0,4,no,,[' Vector Synergy Spolka z Ograniczona Odpowiedzianoscia'],[' Portugal'],5 465 500.00 EUR,5465500.0, Vector Synergy Spolka z Ograniczona Odpowiedzianoscia,False,False,False,False,False
596077-2019,2019,"European Union Agency for the operational management of large-scale IT systems in the area of freedom, security and justice (eu-LISA)",Estonia,EE001 Põhja-Eesti,General public services,Provision of External Assistance (EXTRA),Services,,76 060 316.00 EUR,"72000000 IT services: consulting, software development, Internet and support",Quality criterion - Name: Quality of tenderer’s proposal (including due diligence and phase-in plan) / Weighting: 15,Open procedure,https://ted.europa.eu/udl?uri=TED:NOTICE:596077-2019:TEXT:EN:HTML&src=0,76060316.0,3,yes,,"[' Unisys Belgium SA', ' PwC EU Services EESV', ' UniSystems Information Technology Systems Commercial SMSA']","[' Belgium', ' Belgium', ' Greece']",44 960 400.00 EUR,44960400.0," Unisys Belgium SA, PwC EU Services EESV, UniSystems Information Technology Systems Commercial SMSA",False,False,False,False,False
596077-2019,2019,"European Union Agency for the operational management of large-scale IT systems in the area of freedom, security and justice (eu-LISA)",Estonia,EE001 Põhja-Eesti,General public services,Provision of External Assistance (EXTRA),Services,,76 060 316.00 EUR,"72000000 IT services: consulting, software development, Internet and support",Quality criterion - Name: Quality of tenderer’s proposal (including due diligence and phase-in plan) / Weighting: 15,Open procedure,https://ted.europa.eu/udl?uri=TED:NOTICE:596077-2019:TEXT:EN:HTML&src=0,76060316.0,3,no,,[' CGITI Portugal SA'],[' Portugal'],44 960 400.00 EUR,44960400.0, CGITI Portugal SA,False,False,False,False,False
596077-2019,2019,"European Union Agency for the operational management of large-scale IT systems in the area of freedom, security and justice (eu-LISA)",Estonia,EE001 Põhja-Eesti,General public services,Provision of External Assistance (EXTRA),Services,,76 060 316.00 EUR,"72000000 IT services: consulting, software development, Internet and support",Quality criterion - Name: Quality of tenderer’s proposal (including due diligence and phase-in plan) / Weighting: 15,Open procedure,https://ted.europa.eu/udl?uri=TED:NOTICE:596077-2019:TEXT:EN:HTML&src=0,76060316.0,3,no,,[' Engineering Ingegneria Informatica S.p.A.'],[' Italy'],44 960 400.00 EUR,44960400.0, Engineering Ingegneria Informatica S.p.A.,False,False,False,False,False
596076-2019,2019,"European Union Agency for the operational management of large-scale IT systems in the area of freedom, security and justice (eu-LISA)",Estonia,EE001 Põhja-Eesti,General public services,Provision of External Assistance (EXTRA),Services,,76 060 316.00 EUR,"72000000 IT services: consulting, software development, Internet and support",Quality criterion - Name: Quality of tenderer’s proposal (including due diligence and phase-in plan) / Weighting: 15,Open procedure,https://ted.europa.eu/udl?uri=TED:NOTICE:596076-2019:TEXT:EN:HTML&src=0,76060316.0,3,no,,[' Infeurope SA'],[' Luxembourg'],13 632 816.00 EUR,13632816.0,Infeurope SA,False,False,False,False,False
596076-2019,2019,"European Union Agency for the operational management of large-scale IT systems in the area of freedom, security and justice (eu-LISA)",Estonia,EE001 Põhja-Eesti,General public services,Provision of External Assistance (EXTRA),Services,,76 060 316.00 EUR,"72000000 IT services: consulting, software development, Internet and support",Quality criterion - Name: Quality of tenderer’s proposal (including due diligence and phase-in plan) / Weighting: 15,Open procedure,https://ted.europa.eu/udl?uri=TED:NOTICE:596076-2019:TEXT:EN:HTML&src=0,76060316.0,3,yes,,"[' Civitta Eesti AS', ' Advokaadiburoo Sorainen AS']","[' Estonia', ' Estonia']",13 632 816.00 EUR,13632816.0," Civitta Eesti AS, Advokaadiburoo Sorainen AS",False,False,False,False,False
596076-2019,2019,"European Union Agency for the operational management of large-scale IT systems in the area of freedom, security and justice (eu-LISA)",Estonia,EE001 Põhja-Eesti,General public services,Provision of External Assistance (EXTRA),Services,,76 060 316.00 EUR,"72000000 IT services: consulting, software development, Internet and support",Quality criterion - Name: Quality of tenderer’s proposal (including due diligence and phase-in plan) / Weighting: 15,Open procedure,https://ted.europa.eu/udl?uri=TED:NOTICE:596076-2019:TEXT:EN:HTML&src=0,76060316.0,3,no,,[' Vector Synergy Spolka z Ograniczona Odpowiedzianoscia'],[' Poland'],13 632 816.00 EUR,13632816.0, Vector Synergy Spolka z Ograniczona Odpowiedzianoscia,False,False,False,False,False
593676-2019,2019,"European Agency for the operational management of large-scale IT systems in the area of freedom, security and justice (eu-LISA)",Estonia,EE001 Põhja-Eesti,General public services,"Provision of Training, Conferences, Seminars, Coaching, e-learning, Learning and Organisational Development Services",Services,,2 500 000.00 EUR,80000000 Education and training services,Quality criterion - Name: Quality (as per Tender Specifications section 3.4.1) / Weighting: 60 %,Open procedure,https://ted.europa.eu/udl?uri=TED:NOTICE:593676-2019:TEXT:EN:HTML&src=0,2500000.0,3,yes,The contract is likely to be subcontracted,"[' INFEUROPE S.A.', ' imc information multimedia communication AG']","[' Luxembourg', ' Germany']",2 500 000.00 EUR,2500000.0,Infeurope SA,False,False,False,False,False
526594-2019,2019,"European Agency for the operational management of large-scale IT systems in the area of freedom, security and justice (eu-LISA)",Estonia,EE001 Põhja-Eesti,General public services,"Framework Contract for Maintenance Services and Works for Update and Improve the eu-LISA Back-up Site in Sankt Johann im Pongau, Austria",Services,,2 500 000.00 EUR,50710000 Repair and maintenance services of electrical and mechanical building installations,Price,Award of a contract without prior publication of a call for competition in the Official Journal of the European Union in the cases listed below,https://ted.europa.eu/udl?uri=TED:NOTICE:526594-2019:TEXT:EN:HTML&src=0,2500000.0,1,no,,[' ELIN GmbH'],[' Austria'],2 500 000.00 EUR,2500000.0,ELIN GmbH,False,False,False,False,False
439743-2019,2019,"European Union Agency for the Operational Management of Large-scale IT Systems in the Area of Freedom, Security and Justice (eu-LISA)",Estonia,EE001 Põhja-Eesti,General public services,Provision of Medical Services,Services,,600 000.00 EUR,85100000 Health services,Quality criterion - Name: Medical approach and overall management of the process: quality of proposal / Weighting: 20,Open procedure,https://ted.europa.eu/udl?uri=TED:NOTICE:439743-2019:TEXT:EN:HTML&src=0,600000.0,1,no,,[' Qvalitas Arstikeskus AS'],[' Estonia'],200 000.00 EUR,200000.0, Qvalitas Arstikeskus AS,False,False,False,False,False
414490-2019,2019,"European Union Agency for the operational management of large-scale IT systems in the area of freedom, security and justice (eu-LISA)",Estonia,EE001 Põhja-Eesti,General public services,Provision of Security Services and Equipment,Services,,3 500 000.00 EUR,79710000 Security services,Quality criterion - Name: Technical evaluation criteria / Weighting: 60,Restricted procedure,https://ted.europa.eu/udl?uri=TED:NOTICE:414490-2019:TEXT:EN:HTML&src=0,3500000.0,1,no,,[' SPIE Facilities'],[' France'],3 500 000.00 EUR,3500000.0, SPIE Facilities,False,False,False,False,False
375801-2019,2019,"European Union Agency for the Operational Management of Large-Scale IT Systems in the Area of Freedom, Security and Justice (eu-LISA)",Estonia,EE001 Põhja-Eesti,General public services,"Electricity Services for eu-LISA Operational Site in Strasbourg, France",Services,,350 000.00 EUR,65300000 Electricity distribution and related services,Price,Award of a contract without prior publication of a call for competition in the Official Journal of the European Union in the cases listed below,https://ted.europa.eu/udl?uri=TED:NOTICE:375801-2019:TEXT:EN:HTML&src=0,350000.0,1,no,,[' ES Energies Strasbourg'],[' France'],350 000.00 EUR,350000.0, ES Energies Strasbourg,False,False,False,False,False
373924-2019,2019,"European Agency for the operational management of large-scale IT systems in the area of freedom, security and justice (eu-LISA)",Estonia,EE001 Põhja-Eesti,General public services,Provision of Security Guarding and Reception Services at eu-LISA Strasbourg Premises,Services,,4 000 000.00 EUR,79710000 Security services,Quality criterion - Name: Technical evaluation criteria / Weighting: 60,Restricted procedure,https://ted.europa.eu/udl?uri=TED:NOTICE:373924-2019:TEXT:EN:HTML&src=0,4000000.0,1,no,,[' Securitas France Sarl'],[' France'],4 000 000.00 EUR,4000000.0, Securitas France Sarl,False,False,False,False,False
373923-2019,2019,"European Union Agency for the operational management of large-scale IT systems in the area of freedom, security and justice (eu-LISA)",Estonia,EE001 Põhja-Eesti,General public services,Provision of Security Services and Equipment,Services,,2 000 000.00 EUR,79710000 Security services,Quality criterion - Name: Technical Evalaution criteria / Weighting: 60,Restricted procedure,https://ted.europa.eu/udl?uri=TED:NOTICE:373923-2019:TEXT:EN:HTML&src=0,2000000.0,1,no,,[' AS G4S EESTI'],[' Estonia'],2 000 000.00 EUR,2000000.0,AS G4S Eesti,False,False,False,False,False
297628-2019,2019,"European Agency for the operational management of large-scale IT systems in the area of freedom, security and justice (eu-LISA)",Estonia,EE001 Põhja-Eesti,General public services,"Integrated Maintenance Services of eu-LISA’s Building and Technical Infrastructure in its Operational Site in Strasbourg, FRANCE",Services,,500 000.00 EUR,50700000 Repair and maintenance services of building installations,Price,Award of a contract without prior publication of a call for competition in the Official Journal of the European Union in the cases listed below,https://ted.europa.eu/udl?uri=TED:NOTICE:297628-2019:TEXT:EN:HTML&src=0,500000.0,1,no,The contract is likely to be subcontracted,[' Axima Concept S.A.'],[' France'],500 000.00 EUR,500000.0,Axima Concept SA,False,False,False,False,False
243528-2019,2019,"European Agency for the Operational Management of Large-scale IT Systems in the Area of Freedom, Security and Justice (eu-LISA)",Estonia,EE001 Põhja-Eesti,General public services,EES,Services,,142 051 690.00 EUR,"72000000 IT services: consulting, software development, Internet and support",Quality criterion - Name: Technical offer / Weighting: 60,Restricted procedure,https://ted.europa.eu/udl?uri=TED:NOTICE:243528-2019:TEXT:EN:HTML&src=0,142051690.0,4,yes,The contract is likely to be subcontracted,"[' Consortium IBM Belgium BVBA, Atos Belgium NV and Leonardo S.p.a, represented by the Group Leader IBM Belgium BVBA', ' Atos Belgium NV', ' Leonardo S.p.a']","[' Belgium', ' Belgium', ' Italy']",142 051 690.00 EUR,142051690.0,"Consortium IBM Belgium BVBA, Atos, and Leonardo",False,False,False,False,False
538648-2018,2018,"European Agency for the operational management of large-scale IT systems in the area of freedom, security and justice (eu-LISA)",Estonia,EE001 Põhja-Eesti,General public services,Framework Supply Contract for the Supply of Furniture for the New Building in eu-LISA’s Operational site in Strasbourg,Supplies,,2 500 000.00 EUR,"39000000 Furniture (incl. office furniture), furnishings, domestic appliances (excl. lighting) and cleaning products",Price,Open procedure,https://ted.europa.eu/udl?uri=TED:NOTICE:538648-2018:TEXT:EN:HTML&src=0,2500000.0,3,no,,[' Majencia S.A.'],[' France'],2 500 000.00 EUR,2500000.0, Majencia S.A.,False,False,False,False,False
463855-2018,2018,"European Agency for the operational management of large-scale IT systems in the area of freedom, security and justice (eu-LISA)",Estonia,EE001 Põhja-Eesti,General public services,Provision of Security Services and Equipment,Services,,11 000 000.00 EUR,79710000 Security services,Quality criterion - Name: Technical Evaluation criteria / Weighting: 60,Restricted procedure,https://ted.europa.eu/udl?uri=TED:NOTICE:463855-2018:TEXT:EN:HTML&src=0,11000000.0,1,no,,[' AS G4S Eesti'],[' Estonia'],1 500 000.00 EUR,1500000.0,AS G4S Eesti,False,False,False,False,False
371708-2018,2018,"European Agency for the operational management of large-scale IT systems in the area of freedom, security and justice (eu-LISA)",Estonia,EE001 Põhja-Eesti,General public services,"Integrated Communication Services, Event and Travel Management Services",Services,,17 900 000.00 EUR,"79000000 Business services: law, marketing, consulting, recruitment, printing and security",Quality criterion - Name: All criteria are stated in the procurement documents (tender specifications) / Weighting: 60,Open procedure,https://ted.europa.eu/udl?uri=TED:NOTICE:371708-2018:TEXT:EN:HTML&src=0,17900000.0,1,no,The contract is likely to be subcontracted,[' Pomilio Blumm Srl'],[' Italy'],900 000.00 EUR,900000.0, Pomilio Blumm Srl,False,False,False,False,False
371708-2018,2018,"European Agency for the operational management of large-scale IT systems in the area of freedom, security and justice (eu-LISA)",Estonia,EE001 Põhja-Eesti,General public services,"Integrated Communication Services, Event and Travel Management Services",Services,,17 900 000.00 EUR,"79000000 Business services: law, marketing, consulting, recruitment, printing and security",Quality criterion - Name: All criteria are stated in the procurement documents (tender specifications) / Weighting: 60,Open procedure,https://ted.europa.eu/udl?uri=TED:NOTICE:371708-2018:TEXT:EN:HTML&src=0,17900000.0,5,yes,,"[' Adria Congrex Srl', ' Baltic Tours Ltd']","[' Italy', ' Estonia']",14 500 000.00 EUR,14500000.0," Adria Congrex Srl, Baltic Tours Ltd",False,False,False,False,False
371708-2018,2018,"European Agency for the operational management of large-scale IT systems in the area of freedom, security and justice (eu-LISA)",Estonia,EE001 Põhja-Eesti,General public services,"Integrated Communication Services, Event and Travel Management Services",Services,,17 900 000.00 EUR,"79000000 Business services: law, marketing, consulting, recruitment, printing and security",Quality criterion - Name: All criteria are stated in the procurement documents (tender specifications) / Weighting: 60,Open procedure,https://ted.europa.eu/udl?uri=TED:NOTICE:371708-2018:TEXT:EN:HTML&src=0,17900000.0,5,yes,The contract is likely to be subcontracted,"[' ProPager SARL (Leader)', ' North East West South (NEWS) Travel SA']","[' France', ' France']",14 500 000.00 EUR,14500000.0," ProPager SARL (Leader), North East West South (NEWS) Travel SA",False,False,False,False,False
371708-2018,2018,"European Agency for the operational management of large-scale IT systems in the area of freedom, security and justice (eu-LISA)",Estonia,EE001 Põhja-Eesti,General public services,"Integrated Communication Services, Event and Travel Management Services",Services,,17 900 000.00 EUR,"79000000 Business services: law, marketing, consulting, recruitment, printing and security",Quality criterion - Name: All criteria are stated in the procurement documents (tender specifications) / Weighting: 60,Open procedure,https://ted.europa.eu/udl?uri=TED:NOTICE:371708-2018:TEXT:EN:HTML&src=0,17900000.0,5,no,The contract is likely to be subcontracted,[' Pomilio Blumm Srl'],[' Italy'],14 500 000.00 EUR,14500000.0, Pomilio Blumm Srl,False,False,False,False,False
371708-2018,2018,"European Agency for the operational management of large-scale IT systems in the area of freedom, security and justice (eu-LISA)",Estonia,EE001 Põhja-Eesti,General public services,"Integrated Communication Services, Event and Travel Management Services",Services,,17 900 000.00 EUR,"79000000 Business services: law, marketing, consulting, recruitment, printing and security",Quality criterion - Name: All criteria are stated in the procurement documents (tender specifications) / Weighting: 60,Open procedure,https://ted.europa.eu/udl?uri=TED:NOTICE:371708-2018:TEXT:EN:HTML&src=0,17900000.0,7,yes,,"[' T and T Executive SA', ' Company for trade and services Congress Service Center Vesna and dr. Ltd Skopje (Congress Service Center)', ' Business, trade and services company Congress Travel Service DOO Skopje (Congress Travel Service DOO Skopje)']","[' Greece', ' North Macedonia', ' North Macedonia']",2 500 000.00 EUR,2500000.0," T and T Executive SA, Company for trade and services Congress Service Center Vesna and dr. Ltd Skopje (Congress Service Center), Business, trade and services company Congress Travel Service DOO Skopje (Congress Travel Service DOO Skopje)",False,False,False,False,False
252094-2018,2018,"European Agency for the operational management of large-scale IT systems in the area of freedom, security and justice (eu-LISA)",Estonia,EE001 Põhja-Eesti,General public services,SIS II MWO,Services,,80 000 000.00 EUR,"72000000 IT services: consulting, software development, Internet and support",Quality criterion - Name: All criteria are stated only in the procurement documents (See internet address provided in Section I.1) / Weighting: 60,Restricted procedure,https://ted.europa.eu/udl?uri=TED:NOTICE:252094-2018:TEXT:EN:HTML&src=0,80000000.0,3,no,The contract is likely to be subcontracted,[' Sopra Steria Benelux SA/NV'],[' Belgium'],80 000 000.00 EUR,80000000.0, Sopra Steria Benelux SA/NV,False,False,False,True,False
185937-2018,2018,"European Agency for the operational management of large-scale IT systems in the area of freedom, security and justice (eu-LISA)",Estonia,EE001 Põhja-Eesti,General public services,Framework Supply Contract for the Supply of Furniture for the eu-LISA’s New Headquarters in Tallinn,Supplies,,1 000 000.00 EUR,"39000000 Furniture (incl. office furniture), furnishings, domestic appliances (excl. lighting) and cleaning products",Price,Open procedure,https://ted.europa.eu/udl?uri=TED:NOTICE:185937-2018:TEXT:EN:HTML&src=0,1000000.0,1,no,,[' Standard AS'],[' Estonia'],1 000 000.00 EUR,1000000.0, Standard AS,False,False,False,False,False
467586-2017,2017,"European Agency for the Operational Management of Large-Scale IT Systems in the Area of Freedom, Security and Justice (eu-LISA)",Estonia,EE001 Põhja-Eesti,General public services,Eurodac MWO.,Services,,22 690 000.00 EUR,"72000000 IT services: consulting, software development, Internet and support",Quality criterion - Name: Technical evaluation criteria / Weighting: 60,Restricted procedure,https://ted.europa.eu/udl?uri=TED:NOTICE:467586-2017:TEXT:EN:HTML&src=0,22690000.0,1,yes,,"[' Consortium Sopra Steria Benelux SA with Bull SAS and 3M Belgium BVBA/SPRL, group leader Sopra Steria Benelux SA', ' BULL SAS', ' 3M Belgium BVBA']","[' Belgium', ' France', ' Belgium']",22 690 000.00 EUR,22690000.0," Consortium Sopra Steria Benelux SA with Bull SAS and 3M Belgium BVBA/SPRL, group leader Sopra Steria Benelux SA, BULL SAS, 3M Belgium BVBA",False,True,False,False,False
381971-2017,2017,"European Agency for the Operational Management of Large-Scale IT Systems in the Area of Freedom, Security and Justice (eu-LISA)",Estonia,EE001 Põhja-Eesti,General public services,LISA-2017-NP-13 (FWC LISA-2017-OP-01 lot 2).,Services,,1 200 000.00 EUR,"79000000 Business services: law, marketing, consulting, recruitment, printing and security",Quality criterion - Name: Quality / Weighting: 60,Award of a contract without prior publication of a call for competition in the Official Journal of the European Union in the cases listed below,https://ted.europa.eu/udl?uri=TED:NOTICE:381971-2017:TEXT:EN:HTML&src=0,1200000.0,1,yes,,"[' Consortium Propager SARL', ' North East West South (NEWS) Travel SA']","[' France', ' France']",4 700 000.00 EUR,4700000.0," Consortium Propager SARL, North East West South (NEWS) Travel SA",False,False,False,False,False
057156-2017,2017,"European Agency for the Operational Management of Large-Scale IT Systems in the Area of Freedom, Security and Justice (eu-LISA)",Estonia,EE001 Põhja-Eesti,General public services,Common shared infrastructure (CSI).,Services,,40 000 000.00 EUR,"72000000 IT services: consulting, software development, Internet and support",Quality criterion - Name: Technical award criteria / Weighting: 60,Restricted procedure,https://ted.europa.eu/udl?uri=TED:NOTICE:057156-2017:TEXT:EN:HTML&src=0,40000000.0,1,no,The contract is likely to be subcontracted,[' Everis Spain SLU succursale en Belgique'],[' Belgium'],40 000 000.00 EUR,40000000.0, Everis Spain SLU succursale en Belgique,False,False,False,False,False
205449-2016,2016,"European Agency for the Operational Management of Large-Scale IT Systems in the Area of Freedom, Security and Justice (eu-LISA)",Estonia,EE001 Põhja-Eesti,General public services,Framework contract for the maintenance in working order of the visa information system (VIS) and biometrics matching system (BMS).,Services,,194 450 000.00 EUR,"72000000 IT services: consulting, software development, Internet and support",Quality criterion - Name: Technical award criteria / Weighting: 60,Restricted procedure,https://ted.europa.eu/udl?uri=TED:NOTICE:205449-2016:TEXT:EN:HTML&src=0,194450000.0,2,yes,,"[' Consortium Bridge³, represented by the Group Leader Accenture NV/SA', ' Consortium Bridge: consortium member Atos Belgium NV/SA', ' Consortium Bridge³, consortium member Morpho SAS']","[' Belgium', ' Belgium', ' France']",194 450 000.00 EUR,194450000.0,"Bridge3 Consortium (Accenture NV/SA, HP Belgium and Morpho)",True,False,False,False,False
146593-2016,2016,"European Agency for the Operational Management of Large-Scale IT Systems in the Area of Freedom, Security and Justice (eu-LISA)",Estonia,EE001 Põhja-Eesti,General public services,Capacity increase Eurodac recast.,Services,,5 226 145.50 EUR,"72000000 IT services: consulting, software development, Internet and support",Price,Award of a contract without prior publication of a call for competition in the Official Journal of the European Union in the cases listed below,https://ted.europa.eu/udl?uri=TED:NOTICE:146593-2016:TEXT:EN:HTML&src=0,5226145.5,1,yes,,"[' Consortium S3B, represented by the group leader Sopra Steria Benelux SA', ' Consortium S3B, consortium member: Bull SAS', ' Consortium S3B, consortium member: 3M Belgium BVBA']","[' Belgium', ' France', ' Belgium']",5 226 145.50 EUR,5226145.5,"S3B Consortium (Steria BE, Bull, Gemalto Cogent)",False,True,False,False,False
438492-2015,2015,"European Agency for the Operational Management of Large-Scale IT Systems in the Area of Freedom, Security and Justice (eu-LISA)",Estonia,NA,General public services,Integration of new user (Croatia) in VIS (visa information system) — specific contract No 15 implementing framework contract No HOME-C2-2011-03 of 28.8.2012.,Services,NA,245 009 EUR,,Lowest price,Negotiated without a call for competition,https://ted.europa.eu/udl?uri=TED:NOTICE:438492-2015:TEXT:EN:HTML&src=0,245009.0,1,NA,The contract is likely to be sub-contracted: no,[' Bridge3 consortium (leader: Accenture NV/SA)'],[' Belgium'],245 009 EUR,245009.0,"Bridge3 Consortium (Accenture NV/SA, HP Belgium and Morpho)",True,False,False,False,False
422703-2015,2015,"European Agency for the Operational Management of Large-Scale IT Systems in the Area of Freedom, Security and Justice (eu-LISA)",Estonia,NA,General public services,"LISA/2015/OP/01 Training, coaching and learning provision channel.",Services,NA,2 000 000 EUR,,The most economically advantageous tender in terms of,Open,https://ted.europa.eu/udl?uri=TED:NOTICE:422703-2015:TEXT:EN:HTML&src=0,2000000.0,4,NA,The contract is likely to be sub-contracted: yes,[' Everesta Sro'],[' Czechia'],2 000 000 EUR,2000000.0, Everesta Sro,False,False,False,False,False
422702-2015,2015,"European Agency for the Operational Management of Large-Scale IT Systems in the Area of Freedom, Security and Justice (eu-LISA)",Estonia,NA,General public services,a) Realisation of VIS storage upgrade — specific contract No 13 implementing framework contract No HOME-C2-2011-03 of 28.8.2012.,Services,NA,"7 850 489,73 EUR",,Lowest price,Negotiated without a call for competition,https://ted.europa.eu/udl?uri=TED:NOTICE:422702-2015:TEXT:EN:HTML&src=0,7850489.73,1,NA,The contract is likely to be sub-contracted: no,"[' Bridge3 consortium (leader: Accenture NV/SA)', ' Bridge3 consortium (leader: Accenture NV/SA)']","[' Belgium', ' Belgium']","2 847 242,02 EUR",2847242.02,"Bridge3 Consortium (Accenture NV/SA, HP Belgium and Morpho)",True,False,False,False,False
322636-2015,2015,"European Agency for the Οperational Management of Large-Scale IT Systems in the Area of Freedom, Security and Justice (eu-LISA)",Estonia,NA,General public services,Realisation of an evolution concerning the visa information system (Visa Code changes plus) — specific contract No 12 implementing framework contract No HOME-C2-2011-03 of 28.8.2012.,Services,NA,584 500 EUR,,Lowest price,Negotiated without a call for competition,https://ted.europa.eu/udl?uri=TED:NOTICE:322636-2015:TEXT:EN:HTML&src=0,584500.0,1,NA,The contract is likely to be sub-contracted: no,[' Bridge3 Consortium (leader: Accenture NV/SA)'],[' Belgium'],584 500 EUR,584500.0,"Bridge3 Consortium (Accenture NV/SA, HP Belgium and Morpho)",False,False,False,False,False
221695-2015,2015,"European Agency for the Operational Management of Large-Scale IT Systems in the Area of Freedom, Security and Justice (eu-LISA)",Estonia,NA,General public services,LISA/2014/OP/03 External support.,Services,NA,"56 601 711,13 EUR",,The most economically advantageous tender in terms of,Open,https://ted.europa.eu/udl?uri=TED:NOTICE:221695-2015:TEXT:EN:HTML&src=0,56601711.13,7,NA,The contract is likely to be sub-contracted: yes,[' Consortium U2 — Unisys SA (group leader) and UniSystems Information Technology Systems Commercial SA'],[' Belgium'],"25 663 093,35 EUR",25663093.35, Consortium U2 — Unisys SA (group leader) and UniSystems Information Technology Systems Commercial SA,False,False,False,False,False
221695-2015,2015,"European Agency for the Operational Management of Large-Scale IT Systems in the Area of Freedom, Security and Justice (eu-LISA)",Estonia,NA,General public services,LISA/2014/OP/03 External support.,Services,NA,"56 601 711,13 EUR",,The most economically advantageous tender in terms of,Open,https://ted.europa.eu/udl?uri=TED:NOTICE:221695-2015:TEXT:EN:HTML&src=0,56601711.13,7,NA,The contract is likely to be sub-contracted: no,"[' Consortium ALT+ENTER, consisting of Accenture SA (group leader) and Altran Technologies SA']",[' Belgium'],"25 663 093,35 EUR",25663093.35," Consortium ALT+ENTER, consisting of Accenture SA (group leader) and Altran Technologies SA",False,False,False,False,False
221695-2015,2015,"European Agency for the Operational Management of Large-Scale IT Systems in the Area of Freedom, Security and Justice (eu-LISA)",Estonia,NA,General public services,LISA/2014/OP/03 External support.,Services,NA,"56 601 711,13 EUR",,The most economically advantageous tender in terms of,Open,https://ted.europa.eu/udl?uri=TED:NOTICE:221695-2015:TEXT:EN:HTML&src=0,56601711.13,7,NA,The contract is likely to be sub-contracted: yes,"[' Consortium Bull–Atos–Ernst & Young, consisting of Bull SAS (group leader), Atos Integration SAS and Ernst & Young et Associés']",[' France'],"25 663 093,35 EUR",25663093.35," Consortium Bull–Atos–Ernst & Young, consisting of Bull SAS (group leader), Atos Integration SAS and Ernst & Young et Associés",False,False,False,False,False
221695-2015,2015,"European Agency for the Operational Management of Large-Scale IT Systems in the Area of Freedom, Security and Justice (eu-LISA)",Estonia,NA,General public services,LISA/2014/OP/03 External support.,Services,NA,"56 601 711,13 EUR",,The most economically advantageous tender in terms of,Open,https://ted.europa.eu/udl?uri=TED:NOTICE:221695-2015:TEXT:EN:HTML&src=0,56601711.13,7,NA,The contract is likely to be sub-contracted: no,"[' Consortium ACTO, consisting of Accenture SA (group leader) and Tieto Estonia AS']",[' Belgium'],"21 451 501,78 EUR",21451501.78," Consortium ACTO, consisting of Accenture SA (group leader) and Tieto Estonia AS",False,False,False,False,False
221695-2015,2015,"European Agency for the Operational Management of Large-Scale IT Systems in the Area of Freedom, Security and Justice (eu-LISA)",Estonia,NA,General public services,LISA/2014/OP/03 External support.,Services,NA,"56 601 711,13 EUR",,The most economically advantageous tender in terms of,Open,https://ted.europa.eu/udl?uri=TED:NOTICE:221695-2015:TEXT:EN:HTML&src=0,56601711.13,7,NA,The contract is likely to be sub-contracted: yes,[' Consortium U2 — Unisys SA (group leader) and UniSystems Information Technology Systems Commercial SA'],[' Belgium'],"21 451 501,78 EUR",21451501.78, Consortium U2 — Unisys SA (group leader) and UniSystems Information Technology Systems Commercial SA,False,False,False,False,False
221695-2015,2015,"European Agency for the Operational Management of Large-Scale IT Systems in the Area of Freedom, Security and Justice (eu-LISA)",Estonia,NA,General public services,LISA/2014/OP/03 External support.,Services,NA,"56 601 711,13 EUR",,The most economically advantageous tender in terms of,Open,https://ted.europa.eu/udl?uri=TED:NOTICE:221695-2015:TEXT:EN:HTML&src=0,56601711.13,7,NA,The contract is likely to be sub-contracted: yes,"[' Tarkus consortium, consisting of Everis Spain SLU succursale en Belgique (group leader), Deloitte Consulting CVBA and AS CGI Eesti']",[' Belgium'],"21 451 501,78 EUR",21451501.78," Tarkus consortium, consisting of Everis Spain SLU succursale en Belgique (group leader), Deloitte Consulting CVBA and AS CGI Eesti",False,False,False,False,False
221695-2015,2015,"European Agency for the Operational Management of Large-Scale IT Systems in the Area of Freedom, Security and Justice (eu-LISA)",Estonia,NA,General public services,LISA/2014/OP/03 External support.,Services,NA,"56 601 711,13 EUR",,The most economically advantageous tender in terms of,Open,https://ted.europa.eu/udl?uri=TED:NOTICE:221695-2015:TEXT:EN:HTML&src=0,56601711.13,2,NA,The contract is likely to be sub-contracted: yes,[' infeurope SA'],[' Luxembourg'],3 572 116 EUR,3572116.0, infeurope SA,False,False,False,False,False
221695-2015,2015,"European Agency for the Operational Management of Large-Scale IT Systems in the Area of Freedom, Security and Justice (eu-LISA)",Estonia,NA,General public services,LISA/2014/OP/03 External support.,Services,NA,"56 601 711,13 EUR",,The most economically advantageous tender in terms of,Open,https://ted.europa.eu/udl?uri=TED:NOTICE:221695-2015:TEXT:EN:HTML&src=0,56601711.13,2,NA,The contract is likely to be sub-contracted: no,[' ManpowerGroup Solutions Belgium SA'],[' Belgium'],3 572 116 EUR,3572116.0, ManpowerGroup Solutions Belgium SA,False,False,False,False,False
221695-2015,2015,"European Agency for the Operational Management of Large-Scale IT Systems in the Area of Freedom, Security and Justice (eu-LISA)",Estonia,NA,General public services,LISA/2014/OP/03 External support.,Services,NA,"56 601 711,13 EUR",,The most economically advantageous tender in terms of,Open,https://ted.europa.eu/udl?uri=TED:NOTICE:221695-2015:TEXT:EN:HTML&src=0,56601711.13,2,NA,The contract is likely to be sub-contracted: no,[' ManpowerGroup Solutions Belgium SA'],[' Belgium'],5 915 000 EUR,5915000.0, ManpowerGroup Solutions Belgium SA,False,False,False,False,False
221695-2015,2015,"European Agency for the Operational Management of Large-Scale IT Systems in the Area of Freedom, Security and Justice (eu-LISA)",Estonia,NA,General public services,LISA/2014/OP/03 External support.,Services,NA,"56 601 711,13 EUR",,The most economically advantageous tender in terms of,Open,https://ted.europa.eu/udl?uri=TED:NOTICE:221695-2015:TEXT:EN:HTML&src=0,56601711.13,2,NA,The contract is likely to be sub-contracted: yes,"[' Consortium Civitta, consisting of Civitta Eesti AS (group leader), Innopolis Insenerid OÜ and Civitta UAB']",[' Estonia'],5 915 000 EUR,5915000.0," Consortium Civitta, consisting of Civitta Eesti AS (group leader), Innopolis Insenerid OÜ and Civitta UAB",False,False,False,False,False
369424-2014,2014,"European Agency for the Οperational Management of Large-Scale IT Systems in the Area of Freedom, Security and Justice (eu-LISA)",Estonia,NA,General public services,"LISA/2014/NP/14 Amendment No 1 to framework contract LISA/2013/NP/02-bis (execution of works at the eu-LISA back-up site in Sankt Johann im Pongau, Austria).",Works,NA,500 000 EUR,,Lowest price,Negotiated without a call for competition,https://ted.europa.eu/udl?uri=TED:NOTICE:369424-2014:TEXT:EN:HTML&src=0,500000.0,1,NA,The contract is likely to be sub-contracted: yes,[' ELIN GmbH & Co KG'],[' Austria'],500 000 EUR,500000.0,ELIN GmbH,False,False,False,False,False
332868-2014,2014,"European Agency for the Operational Management of Large-Scale IT Systems in the Area of Freedom, Security and Justice (eu-LISA)",Estonia,NA,General public services,LISA/2014/OP/01 Communication and events.,Services,NA,5 000 000 EUR,,The most economically advantageous tender in terms of,Open,https://ted.europa.eu/udl?uri=TED:NOTICE:332868-2014:TEXT:EN:HTML&src=0,5000000.0,3,NA,The contract is likely to be sub-contracted: no,"[' Mostra SA', ' Consortium Propager SARL and North East West South (NEWS) Travel SA']","[' Belgium', ' France']",1 500 000 EUR,1500000.0," Mostra SA, Consortium Propager SARL and North East West South (NEWS) Travel SA",False,False,False,False,False
261497-2014,2014,"European Agency for the Οperational Management of Large-Scale IT Systems in the Area of Freedom, Security and Justice (eu-LISA)",Estonia,NA,General public services,Realisation of an evolution (so-called 'BMS 2.0') — amendment No 1 to SC No 11 of 10.6.2014 implementing MWO FWC 'HOME-C2-2011-03' of 28.8.2012.,Services,NA,"23 697 450,85 EUR",,Lowest price,Negotiated without a call for competition,https://ted.europa.eu/udl?uri=TED:NOTICE:261497-2014:TEXT:EN:HTML&src=0,23697450.85,1,NA,The contract is likely to be sub-contracted: no,[' Bridge3 Consortium (leader: Accenture NV/SA)'],[' Belgium'],"23 697 450,85 EUR",23697450.85,"Bridge3 Consortium (Accenture NV/SA, HP Belgium and Morpho)",False,False,False,False,False
253801-2014,2014,"European Agency for the Operational Management of Large-Scale IT Systems in the Area of Freedom, Security and Justice (eu-LISA)",Estonia,NA,General public services,LISA/2013/RP/01 Eurodac recast.,Services,NA,"7 487 861,65 EUR",,The most economically advantageous tender in terms of,Restricted,https://ted.europa.eu/udl?uri=TED:NOTICE:253801-2014:TEXT:EN:HTML&src=0,7487861.65,2,NA,The contract is likely to be sub-contracted: no,"[' Consortium S3B, consisting of Steria Benelux SA/NV (group leader), 3M Belgium BVBA/SPRL, Bull SAS']",[' Belgium'],"7 487 861,65 EUR",7487861.65,"S3B Consortium (Steria BE, Bull, Gemalto Cogent)",False,True,False,False,False
246770-2014,2014,"European Agency for the Οperational Management of Large-Scale IT Systems in the Area of Freedom, Security and Justice (eu-LISA)",Estonia,NA,General public services,Integrated building and technical infrastructure maintenance services at the eu-LISA's operational centre in Strasbourg.,Services,NA,1 100 000 EUR,,The most economically advantageous tender in terms of,Restricted,https://ted.europa.eu/udl?uri=TED:NOTICE:246770-2014:TEXT:EN:HTML&src=0,1100000.0,2,NA,The contract is likely to be sub-contracted: yes,[' Axima Concept'],[' France'],1 100 000 EUR,1100000.0,Axima Concept SA,False,False,False,False,False
123203-2014,2014,"European Agency for the Operational Management of Large-Scale IT Systems in the Area of Freedom, Security and Justice (eu-LISA)",Estonia,NA,General public services,Framework contract for the maintenance in working order of the Schengen information system II (MWO SIS II).,Services,NA,50 000 000 EUR,,The most economically advantageous tender in terms of,Restricted,https://ted.europa.eu/udl?uri=TED:NOTICE:123203-2014:TEXT:EN:HTML&src=0,50000000.0,3,NA,The contract is likely to be sub-contracted: yes,"[' ATOS Belgium SA/NV (leader), Accenture NV/SA (member), and Hewlett Packard Belgium BVBA/SPRL (member)']",[' Belgium'],50 000 000 EUR,50000000.0," ATOS Belgium SA/NV (leader), Accenture NV/SA (member), and Hewlett Packard Belgium BVBA/SPRL (member)",False,False,False,True,False
026876-2014,2014,"European Agency for the Operational Management of Large-Scale IT Systems in the Area of Freedom, Security and Justice (eu-LISA)",Estonia,NA,General public services,"Security guard and reception services at the European Agency for the Operational Management of Large-Scale IT Systems in the Area of Freedom, Security and Justice, for Tallinn, Estonia and Strasbourg, France.",Services,NA,3 092 146 EUR,,The most economically advantageous tender in terms of,Restricted,https://ted.europa.eu/udl?uri=TED:NOTICE:026876-2014:TEXT:EN:HTML&src=0,3092146.0,1,NA,The contract is likely to be sub-contracted: no,"[' Securitas France SARL', ' AS G4S Eesti']","[' France', ' Estonia']",2 898 268 EUR,2898268.0," Securitas France SARL, AS G4S Eesti",False,False,False,False,False
