,id,year,contracting_authority_official_name,contracting_authority_country,contracting_authority_nut,contracting_authority_main_activity,object_title,object_type,object_description,object_total_value,cpv,award_criteria,procedure_type,url,object_total_value_clean,tenders,group_economic_operator,subcontracting,contractors,contractors_countries,contractors_total_value,award_of_contracts_address,award_of_contracts_town,subcontracting_boolean,contractors_total_value_clean,contractors_clean,cpv_clean
0,563114-2020,2020,Frontex — European Border and Coast Guard Agency,Poland,PL911 Miasto Warszawa,General public services,Purchase of Training and Environmental Data Update for SARMAP Software,Services,,69 564.00 EUR,72253200 Systems support services,Price,Award of a contract without prior publication of a call for competition in the Official Journal of the European Union in the cases listed below,https://ted.europa.eu/udl?uri=TED:NOTICE:563114-2020:TEXT:EN:HTML&src=0,69564.0,1,no,,[' Bechtle Brussels NV'],[' Belgium'],69 564.00 EUR,[' Peerderbaan 207'],[' Pelt'],False,69564.0, Bechtle Brussels NV,Software
1,542061-2020,2020,Frontex - European Border and Coast Guard Agency,Poland,PL911 Miasto Warszawa,General public services,Aerial Surveillance Services for Border and Coast Guard Functions — Lot 2,Services,,2 500 000.00 EUR,60440000 Aerial and related services,Price,Open procedure,https://ted.europa.eu/udl?uri=TED:NOTICE:542061-2020:TEXT:EN:HTML&src=0,2500000.0,2,no,,[' CAE Aviation'],[' Luxembourg'],3 750 000.00 EUR,[' Luxembourg International Airport'],[' Luxembourg'],False,3750000.0, CAE Aviation,Transport services
2,542061-2020,2020,Frontex - European Border and Coast Guard Agency,Poland,PL911 Miasto Warszawa,General public services,Aerial Surveillance Services for Border and Coast Guard Functions — Lot 2,Services,,2 500 000.00 EUR,60440000 Aerial and related services,Price,Open procedure,https://ted.europa.eu/udl?uri=TED:NOTICE:542061-2020:TEXT:EN:HTML&src=0,2500000.0,2,no,,[' DEA Aviation'],[' United Kingdom'],3 750 000.00 EUR,[' Retford Gamston Airport'],[' Retford'],False,3750000.0, DEA Aviation,Transport services
3,520760-2020,2020,European Border and Coast Guard Agency — Frontex,Poland,PL911 Miasto Warszawa,General public services,Framework Contract for the Provision of Language Courses for Frontex Staff,Services,,500 000.00 EUR,80000000 Education and training services,Quality criterion - Name: Technical merit / Weighting: 60 %,Open procedure,https://ted.europa.eu/udl?uri=TED:NOTICE:520760-2020:TEXT:EN:HTML&src=0,500000.0,10,no,,[' Cambridge School of English Sp. z o.o.'],[' Poland'],424 000.00 EUR,NA,[' Warsaw'],False,424000.0, Cambridge School of English Sp. z o.o.,Miscellaneous
4,520760-2020,2020,European Border and Coast Guard Agency — Frontex,Poland,PL911 Miasto Warszawa,General public services,Framework Contract for the Provision of Language Courses for Frontex Staff,Services,,500 000.00 EUR,80000000 Education and training services,Quality criterion - Name: Technical merit / Weighting: 60 %,Open procedure,https://ted.europa.eu/udl?uri=TED:NOTICE:520760-2020:TEXT:EN:HTML&src=0,500000.0,10,no,,[' Cambridge School of English Sp. z o.o.'],[' Poland'],76 000.00 EUR,[' rue du Fort Niedergrünewald'],[' Warsaw'],False,76000.0, Cambridge School of English Sp. z o.o.,Miscellaneous
5,492276-2020,2020,Frontex,Poland,PL911 Miasto Warszawa,General public services,Provision of Door-to-door Transportation Services for Frontex Vehicles,Services,,1 000 000.00 EUR,60000000 Transport services (excl. Waste transport),Quality criterion - Name: Methodology and risk management / Weighting: 30,Open procedure,https://ted.europa.eu/udl?uri=TED:NOTICE:492276-2020:TEXT:EN:HTML&src=0,1000000.0,4,no,,"[' DSV Air and Sea Sp.Zo.o', ' Pol-Mare Sp.Zo.o', ' Maxi Cargo Sp.Zo.o']","[' Poland', ' Poland', ' Poland']",1 000 000.00 EUR,"[' Ozarowska 40/42', ' Czechoslowacka 3', ' Nowowiejska 28']","[' Ożarów Mazowiecki', ' Gdynia', ' Swarzedz']",False,1000000.0," DSV Air and Sea Sp.Zo.o, Pol-Mare Sp.Zo.o, Maxi Cargo Sp.Zo.o",Transport services
6,473318-2020,2020,Frontex,Poland,PL911 Miasto Warszawa,Public order and safety,Swecurity Services in EURTF Catania,Services,,672 067.20 EUR,79710000 Security services,"Quality criterion - Name: Adequacy and quality of the proposed team on the basis of the professional experience and training courses foreseen by applicable legislation, as well as any additional training relevant to the execution of guarding services / Weighting: 30/100",Award of a contract without prior publication of a call for competition in the Official Journal of the European Union in the cases listed below,https://ted.europa.eu/udl?uri=TED:NOTICE:473318-2020:TEXT:EN:HTML&src=0,672067.2,2,no,,[' Sicurtransport'],[' Italy'],672 067.20 EUR,[' via Papa Segio 4.48'],[' Palermo'],False,672067.2, Sicurtransport,Security services
7,473315-2020,2020,Frontex — European Border and Coast Guard Agency,Poland,PL911 Miasto Warszawa,General public services,Remotely Piloted Aircraft Systems (RPAS) for Medium Altitude Long Endurance Maritime Aerial Surveillance,Services,,50 000 000.00 EUR,60440000 Aerial and related services,Quality criterion - Name: technical offer / Weighting: 0.60,Open procedure,https://ted.europa.eu/udl?uri=TED:NOTICE:473315-2020:TEXT:EN:HTML&src=0,50000000.0,3,no,The contract is likely to be subcontracted,"[' Airbus DS Airborne Solutions GmbH', ' Elbit Systems Ltd, Advanced Technology Center']","[' Germany', ' Israel']",50 000 000.00 EUR,"[' Richard-Dunkel-Strasse 121', ' P.O. Box 539']","[' Bremen', ' Haifa']",True,50000000.0," Airbus DS Airborne Solutions GmbH, Elbit Systems Ltd, Advanced Technology Center",Transport services
8,200085-2020,2020,Frontex — European Border and Coast Guard Agency,Poland,PL911 Miasto Warszawa,General public services,Short Notice Chartering of Aircraft for Frontex Operational Activities,Services,,10 000 000.00 EUR,60420000 Non-scheduled air transport services,Price,Open procedure,https://ted.europa.eu/udl?uri=TED:NOTICE:200085-2020:TEXT:EN:HTML&src=0,10000000.0,5,no,,"[' Air Charter Service GmbH', ' AS Aircontact', ' Air Partner International GmbH', ' Professional Aviation Solutions GmbH']","[' Germany', ' Norway', ' Austria', ' Germany']",10 000 000.00 EUR,"[' An der Welle 5', ' Karenslyst Alle 49', ' Rasumofskygasse 4/16', ' Lustheide 85']","[' Frankfurt', ' Oslo', ' Vienna', ' Bergisch Gladbach']",False,10000000.0," Air Charter Service GmbH, AS Aircontact, Air Partner International GmbH, Professional Aviation Solutions GmbH",Travel agency
9,175550-2020,2020,Frontex — European Border and Coast Guard Agency,Poland,PL911 Miasto Warszawa,General public services,Framework Contract for Provision of Mobile Surveillance Systems for Frontex Operational Activities — Lot 2,Supplies,,12 000 000.00 EUR,35120000 Surveillance and security systems and devices,Quality criterion - Name: Technical value / Weighting: 0.60,Open procedure,https://ted.europa.eu/udl?uri=TED:NOTICE:175550-2020:TEXT:EN:HTML&src=0,12000000.0,17,yes,The contract is likely to be subcontracted,"[' Korporacja Wschód Sp. z o.o.', ' Optix SA']","[' Poland', ' Bulgaria']",12 000 000.00 EUR,"[' Pozaryskiego 28', ' Kliment Ohridski Bled blok 19']","[' Warsaw', ' Sofia']",True,12000000.0," Korporacja Wschód Sp. z o.o., Optix SA",Surveillance services
10,162977-2020,2020,Frontex,Poland,PL POLSKA,General public services,Provision of Medical Services – Pre-recruitment Examination,Services,,1 350 000.00 EUR,85100000 Health services,Quality criterion - Name: Technical award criteria indicated in the tender specifications / Weighting: 0.6,Open procedure,https://ted.europa.eu/udl?uri=TED:NOTICE:162977-2020:TEXT:EN:HTML&src=0,1350000.0,1,no,The contract is likely to be subcontracted,[' International SOS (Belgium) SPRL'],[' Belgium'],1 350 000.00 EUR,"[' Heyzel Esplanade 1, B007']",[' Brussels'],True,1350000.0, International SOS (Belgium) SPRL,Miscellaneous
11,127371-2020,2020,Frontex — European Border and Coast Guard Agency,Poland,PL911 Miasto Warszawa,General public services,Framework Contract for Provision of Mobile Surveillance Systems for Frontex Operational Activities,Supplies,,8 000 000.00 EUR,35120000 Surveillance and security systems and devices,Quality criterion - Name: Technical value / Weighting: 0.60,Open procedure,https://ted.europa.eu/udl?uri=TED:NOTICE:127371-2020:TEXT:EN:HTML&src=0,8000000.0,12,yes,,"[' Dat-Con d.o.o.', ' Opticoelectron Group JSCo']","[' Slovenia', ' Bulgaria']",8 000 000.00 EUR,"[' Cvetlicna ulica 52', ' Industrial Park ‘Opticoelectron’']","[' Polzela', ' Panagyurishte']",False,8000000.0," Dat-Con d.o.o., Opticoelectron Group JSCo",Surveillance services
12,125034-2020,2020,Frontex — European Border and Coast Guard Agency,Poland,PL911 Miasto Warszawa,General public services,Framework Contract for Provision of Mobile Surveillance Systems for Frontex Operational Activities,Supplies,,8 000 000.00 EUR,35120000 Surveillance and security systems and devices,Quality criterion - Name: Technical score / Weighting: 0.60,Open procedure,https://ted.europa.eu/udl?uri=TED:NOTICE:125034-2020:TEXT:EN:HTML&src=0,8000000.0,15,yes,,"[' Opticoelectron Group JSCo', ' Dat-Con d.o.o.']","[' Bulgaria', ' Slovenia']",8 000 000.00 EUR,"[' Industrial Park ‘Opticoelectron’', ' Cvetlicna ulica 52']","[' Panagyurishte', ' Polzela']",False,8000000.0," Opticoelectron Group JSCo, Dat-Con d.o.o.",Surveillance services
13,086445-2020,2020,European Border and Coast Guard Agency — Frontex,Poland,PL911 Miasto Warszawa,General public services,Remote Assessment of English Language Skills,Services,,200 000.00 EUR,80000000 Education and training services,Quality criterion - Name: Technical merit / Weighting: 60,Open procedure,https://ted.europa.eu/udl?uri=TED:NOTICE:086445-2020:TEXT:EN:HTML&src=0,200000.0,1,no,The contract is likely to be subcontracted,[' The Bridge – English Language Centre s.r.o.'],[' Slovakia'],200 000.00 EUR,[' rue du Fort Niedergrünewald'],[' Ladice'],True,200000.0, The Bridge – English Language Centre s.r.o.,Miscellaneous
14,078764-2020,2020,Frontex,Poland,PL911 Miasto Warszawa,General public services,Framework Contract for Provision of Interpretation and Cultural Expertise Services,Services,,25 000 000.00 EUR,79540000 Interpretation services,Quality criterion - Name: Technical quality / Weighting: 0.6,Open procedure,https://ted.europa.eu/udl?uri=TED:NOTICE:078764-2020:TEXT:EN:HTML&src=0,25000000.0,8,yes,,"[' Centro Informazione e Educazione Allo Sviluppo Onlus', ' Seprotec Traduccion e Intepretacion Sociedad Limitada', "" ITC — Interpreti e Traduttori in Cooperativa Societa' Cooperativa"", ' Solten France Societe a Responsabilite Limitee', ' Synergasia Cooperativa Sociale Onlus', ' Pinpoint Corporate Services Ltd']","[' Italy', ' Spain', ' Italy', ' France', ' Italy', ' United Kingdom']",25 000 000.00 EUR,"[' Via Merulana 198', ' Calle Valle De Alcudia, 3 Edi. Fiteni VIII', ' Via La Spezia 6', ' 13 Bis Avenue de La Motte Picquet', ' Via Della Traspontina 15', ' 90 Longacre Covent Garden']","[' Rome', ' Las Rozas (Madrid)', ' Rome', ' Paris', ' Rome', ' London']",False,25000000.0, Centro Informazione e Educazione Allo Sviluppo Onlus,Interpretation services
15,074109-2020,2020,Frontex,Poland,PL911 Miasto Warszawa,General public services,Testing and Evaluation of a New Copernicus Service: Combined Time/Area Imagery,Services,,500 000.00 EUR,73200000 Research and development consultancy services,"Quality criterion - Name: Rationale, work organisation, suitability of technical means / Weighting: 60",Open procedure,https://ted.europa.eu/udl?uri=TED:NOTICE:074109-2020:TEXT:EN:HTML&src=0,500000.0,8,no,,"[' EDISOFT-Empresa de Servicos e Desenvolvimento de Software, S.A.']",[' Portugal'],253 000.00 EUR,[' Rua Calvet de Magalhaes 245'],[' Paco de Arcos'],False,253000.0," EDISOFT-Empresa de Servicos e Desenvolvimento de Software, S.A.",Miscellaneous
16,050127-2020,2020,Frontex — European Border and Coast Guard Agency,Poland,PL911 Miasto Warszawa,General public services,Aerial Surveillance Services for Border and Coast Guard Functions,Services,,2 250 000.00 EUR,60440000 Aerial and related services,Price,Open procedure,https://ted.europa.eu/udl?uri=TED:NOTICE:050127-2020:TEXT:EN:HTML&src=0,2250000.0,3,yes,,"[' CAE Aviation', ' DEA Aviation Ltd', ' EASP Air BV']","[' Luxembourg', ' United Kingdom', ' Netherlands']",6 750 000.00 EUR,"[' Luxembourg International Airport', ' Retford Gamston Airport', ' Thermiekstraat 52']","[' Luxembourg', ' Retford', ' Schiphol']",False,6750000.0," CAE Aviation, DEA Aviation, EASP Air BV",Transport services
17,611288-2019,2019,Frontex,Poland,PL911 Miasto Warszawa,General public services,Framework Contract for Purchase of Cooled Handheld Thermal Cameras for Border Surveillance,Services,,4 000 000.00 EUR,35120000 Surveillance and security systems and devices,Price,Open procedure,https://ted.europa.eu/udl?uri=TED:NOTICE:611288-2019:TEXT:EN:HTML&src=0,4000000.0,4,no,,[' Opticoelectron Group JSCo'],[' Bulgaria'],4 000 000.00 EUR,[' Industrial Park Opticoelectron'],[' Panagyurishte'],False,4000000.0, Opticoelectron Group JSCo,Surveillance services
18,611273-2019,2019,Frontex,Poland,PL911 Miasto Warszawa,General public services,Framework Contract for the Supply of Heart Beat Detectors (HBD) for Border Checks,Supplies,,400 000.00 EUR,35120000 Surveillance and security systems and devices,Price,Open procedure,https://ted.europa.eu/udl?uri=TED:NOTICE:611273-2019:TEXT:EN:HTML&src=0,400000.0,3,yes,,"[' Instytut Systemów Bezpieczeństwa Sp. z o.o.', ' ClanTect Ltd']","[' Poland', ' United Kingdom']",400 000.00 EUR,"[' Mesyńska 16', ' University Road, Building 37']","[' Warsaw', ' Southampton']",False,400000.0," Instytut Systemów Bezpieczeństwa Sp. z o.o., ClanTect Ltd",Surveillance services
19,599045-2019,2019,European Border and Coast Guard Agency,Poland,PL911 Miasto Warszawa,Defence,Satellite Radio Frequency Emitter Detection for Maritime Situational Awareness,Services,,1 507 005.00 EUR,79714000 Surveillance services,Price,Award of a contract without prior publication of a call for competition in the Official Journal of the European Union in the cases listed below,https://ted.europa.eu/udl?uri=TED:NOTICE:599045-2019:TEXT:EN:HTML&src=0,1507005.0,1,no,,"[' Hawkeye 360, Inc.']",[' United States'],1 507 005.00 EUR,"[' 196 Van Buren Street, Suite 450, VA, 20170']",[' Herndon'],False,1507005.0," Hawkeye 360, Inc.",Surveillance services
20,550867-2019,2019,FRONTEX,Poland,PL POLSKA,General public services,Provision of Maintenance Services of Audio-Video Equipment in Frontex Premises,Services,,220 000.00 EUR,"50300000 Repair, maintenance and associated services related to personal computers, office equipment, telecommunications and audio-visual equipment",Quality criterion - Name: Technical award criteria indicated in the tender specifications / Weighting: 0.6,Open procedure,https://ted.europa.eu/udl?uri=TED:NOTICE:550867-2019:TEXT:EN:HTML&src=0,220000.0,2,no,,[' Brill AV Media Sp z oo'],[' Poland'],220 000.00 EUR,[' Kolejowa 9/11'],[' Warsaw'],False,220000.0, Brill AV Media Sp z oo,Repair and maintenance
21,550866-2019,2019,Frontex,Poland,PL911 Miasto Warszawa,General public services,Framework Contract for the Provision of Passenger Transfer Services by Sea from Mytilini (Locode GRMJT) to Dikili (Locode TRDIK),Services,,1 640 000.00 EUR,60610000 Ferry transport services,Price,Open procedure,https://ted.europa.eu/udl?uri=TED:NOTICE:550866-2019:TEXT:EN:HTML&src=0,1640000.0,2,no,,[' Lazaris A. Gomos D. OE'],[' Greece'],1 640 000.00 EUR,[' P. Kountourioti 87'],[' Mitilini'],False,1640000.0, Lazaris A. Gomos D. OE,Transport services
22,514676-2019,2019,Frontex,Poland,PL911 Miasto Warszawa,General public services,Framework Contract for Provision of the Layout and Graphic Design Services,Services,,800 000.00 EUR,79822500 Graphic design services,Quality criterion - Name: Quality and relevance of the proposed portfolio / Weighting: 20,Open procedure,https://ted.europa.eu/udl?uri=TED:NOTICE:514676-2019:TEXT:EN:HTML&src=0,800000.0,14,no,,"[' Softwin SRL', ' Intrasoft International S.A.', ' Pecka Studio s.r.o.']","[' Romania', ' Luxembourg', ' Czechia']",800 000.00 EUR,"[' 10 A Dimitrie Pompeiu, Connect 1 Building, 1st floor, District 2', ' 2b rue Nicolas Bove', ' Na Jerezce 1199/7']","[' Bucharest', ' Luxembourg', ' Praha 4']",False,800000.0," Softwin SRL, Intrasoft International S.A., Pecka Studio s.r.o.",Miscellaneous
23,501017-2019,2019,Frontex,Poland,PL POLSKA,General public services,Provision of Interim Staff Services for Frontex,Services,,5 000 000.00 EUR,79620000 Supply services of personnel including temporary staff,Quality criterion - Name: Technical award criteria / Weighting: 60 %,Open procedure,https://ted.europa.eu/udl?uri=TED:NOTICE:501017-2019:TEXT:EN:HTML&src=0,5000000.0,6,no,,"[' Kaliszuk sp j staff partners', ' Outworking SA', ' Grafton Recruitment Sp z oo', ' GI Group Sp z oo']","[' Poland', ' Poland', ' Poland', ' Poland']",5 000 000.00 EUR,"[' Finlandzka 5/5', ' Langiewicza 2/10', ' Sienna 39', ' Sobieskiego 11']","[' Warsaw', ' Poznan', ' Warsaw', ' Katowice']",False,5000000.0," Kaliszuk sp j staff partners, Outworking SA, Grafton Recruitment Sp z oo, GI Group Sp z oo",Miscellaneous
24,487436-2019,2019,Frontex,Poland,PL911 Miasto Warszawa,General public services,Framework Contract for Provision of Vehicles for Migration Management Support,Supplies,,2 000 000.00 EUR,34114000 Specialist vehicles,Quality criterion - Name: Technical parameters / Weighting: 60,Open procedure,https://ted.europa.eu/udl?uri=TED:NOTICE:487436-2019:TEXT:EN:HTML&src=0,2000000.0,2,no,,[' TEKNE Srl'],[' Italy'],2 000 000.00 EUR,"[' C. da San Matteo, 42']",[' Poggiofiorito'],False,2000000.0, TEKNE Srl,Transport services
25,442054-2019,2019,European Border and Coast Guard Agency,Poland,PL911 Miasto Warszawa,Defence,Framework Contract for Provision of Interpretation Services,Services,,700 000.00 EUR,79540000 Interpretation services,Price,Open procedure,https://ted.europa.eu/udl?uri=TED:NOTICE:442054-2019:TEXT:EN:HTML&src=0,700000.0,3,no,,[' GTC AMG sp. z o.o.'],[' Poland'],700 000.00 EUR,[' Rolna 155A'],[' Warsaw'],False,700000.0, GTC AMG sp. z o.o.,Interpretation services
26,414489-2019,2019,European Border and Coast Guard Agency,Poland,PL911 Miasto Warszawa,Defence,Framework Contract for the Provision of Professional Insurance Brokerage Services,Services,,200 000.00 EUR,66510000 Insurance services - SB01,Quality criterion - Name: Criterion 1: administration of the contract; Criterion 2: service delivery / Weighting: 60,Open procedure,https://ted.europa.eu/udl?uri=TED:NOTICE:414489-2019:TEXT:EN:HTML&src=0,200000.0,2,no,,[' Nord Partner sp. z o.o.'],[' Poland'],200 000.00 EUR,[' Lubicka 16'],[' Torun'],False,200000.0, Nord Partner sp. z o.o.,Miscellaneous
27,350772-2019,2019,Frontex,Poland,PL911 Miasto Warszawa,General public services,Purchase of the Transportation Network Spatial Vector Data along the EU External Borders,Services,,300 000.00 EUR,72300000 Data services,Quality criterion - Name: Quality and completeness of the vector data / Weighting: 45,Open procedure,https://ted.europa.eu/udl?uri=TED:NOTICE:350772-2019:TEXT:EN:HTML&src=0,300000.0,2,no,,[' ESRI Polska'],[' Poland'],229 719.63 EUR,[' Bonifraterska 17'],[' Warsaw'],False,229719.63, ESRI Polska,Data services
28,338734-2019,2019,Frontex — European Border and Coast Guard Agency,Poland,PL911 Miasto Warszawa,General public services,Aerial Surveillance Services for Border and Coast Guard Functions,Services,,9 000 000.00 EUR,60440000 Aerial and related services,Price,Open procedure,https://ted.europa.eu/udl?uri=TED:NOTICE:338734-2019:TEXT:EN:HTML&src=0,9000000.0,4,yes,,"[' CAE Aviation', ' DEA Aviation Ltd', ' Airborne Technologies GmbH', ' Fly4Less Kft']","[' Luxembourg', ' United Kingdom', ' Austria', ' Hungary']",2 250 000.00 EUR,"[' Luxembourg International Airport', ' Retford Gamston Airport', ' Viktor Lang Strasse 8', ' Lechner Odon fasor 3']","[' Luxembourg', ' Retford', ' Wiener Neustadt', ' Budapest']",False,2250000.0," CAE Aviation, DEA Aviation Ltd, Airborne Technologies GmbH, Fly4Less Kft",Transport services
29,338734-2019,2019,Frontex — European Border and Coast Guard Agency,Poland,PL911 Miasto Warszawa,General public services,Aerial Surveillance Services for Border and Coast Guard Functions,Services,,9 000 000.00 EUR,60440000 Aerial and related services,Price,Open procedure,https://ted.europa.eu/udl?uri=TED:NOTICE:338734-2019:TEXT:EN:HTML&src=0,9000000.0,3,yes,,"[' CAE Aviation', ' DEA Aviation Ltd', ' EASP Air BV']","[' Luxembourg', ' United Kingdom', ' Netherlands']",6 050 000.00 EUR,"[' Luxembourg International Airport', ' Retford Gamston Airport', ' Thermiekstraat 52']","[' Luxembourg', ' Retford', ' Schiphol']",False,6050000.0," CAE Aviation, DEA Aviation, EASP Air BV",Transport services
30,338734-2019,2019,Frontex — European Border and Coast Guard Agency,Poland,PL911 Miasto Warszawa,General public services,Aerial Surveillance Services for Border and Coast Guard Functions,Services,,9 000 000.00 EUR,60440000 Aerial and related services,Price,Open procedure,https://ted.europa.eu/udl?uri=TED:NOTICE:338734-2019:TEXT:EN:HTML&src=0,9000000.0,3,yes,,"[' CAE Aviation', ' DEA Aviation Ltd', ' EASP Air BV']","[' Luxembourg', ' United Kingdom', ' Netherlands']",7 200 000.00 EUR,"[' Luxembourg International Airport', ' Retford Gamston Airport', ' Thermiekstraat 52']","[' Luxembourg', ' Retford', ' Schiphol']",False,7200000.0," CAE Aviation, DEA Aviation, EASP Air BV",Transport services
31,338734-2019,2019,Frontex — European Border and Coast Guard Agency,Poland,PL911 Miasto Warszawa,General public services,Aerial Surveillance Services for Border and Coast Guard Functions,Services,,9 000 000.00 EUR,60440000 Aerial and related services,Price,Open procedure,https://ted.europa.eu/udl?uri=TED:NOTICE:338734-2019:TEXT:EN:HTML&src=0,9000000.0,3,yes,,"[' CAE Aviation', ' DEA Aviation Ltd', ' EASP Air BV']","[' Luxembourg', ' United Kingdom', ' Netherlands']",13 500 000.00 EUR,"[' Luxembourg International Airport', ' Retford Gamston Airport', ' Thermiekstraat 52']","[' Luxembourg', ' Retford', ' Schiphol']",False,13500000.0," CAE Aviation, DEA Aviation, EASP Air BV",Transport services
32,304351-2019,2019,Frontex,Poland,PL POLSKA,General public services,Provision of Travel Desk Services for Frontex,Services,,20 000 000.00 EUR,"63500000 Travel agency, tour operator and tourist assistance services",Quality criterion - Name: Technical award criteria indicated in tender specifications / Weighting: 0.6,Open procedure,https://ted.europa.eu/udl?uri=TED:NOTICE:304351-2019:TEXT:EN:HTML&src=0,20000000.0,6,no,,[' eTravel SA'],[' Poland'],20 000 000.00 EUR,[' Al. Jerozolimskie 142B'],[' Warsaw'],False,20000000.0, eTravel SA,Travel agency
33,176811-2019,2019,FRONTEX,Poland,PL POLSKA,General public services,Framework Contract for Organisation of Events in Poland,Services,,6 000 000.00 EUR,"55000000 Hotel, restaurant and retail trade services",Quality criterion - Name: technical award criteria indicated in tender specifications / Weighting: 0.7,Open procedure,https://ted.europa.eu/udl?uri=TED:NOTICE:176811-2019:TEXT:EN:HTML&src=0,6000000.0,13,no,,[' Defacto Sp z oo'],[' Poland'],6 000 000.00 EUR,[' ul. Królowej Marysieńki 46'],[' Warsaw'],False,6000000.0, Defacto Sp z oo,Hotel and restaurant services
34,132816-2019,2019,Frontex — European Border and Coast Guard Agency,Poland,PL911 Miasto Warszawa,General public services,Aerial Surveillance Services for Border and Coast Guard Functions,Services,,27 000 000.00 EUR,60440000 Aerial and related services,Quality criterion - Name: technical value / Weighting: 0.60,Open procedure,https://ted.europa.eu/udl?uri=TED:NOTICE:132816-2019:TEXT:EN:HTML&src=0,27000000.0,5,yes,,"[' CAE Aviation', ' DEA Aviation Ltd', ' Airborne Technologies GmbH', ' Fly4Less Kft']","[' Luxembourg', ' United Kingdom', ' Austria', ' Hungary']",1 500 000.00 EUR,"[' Luxembourg International Airport', ' Retford Gamston Airport', ' Viktor Lang Strasse 8', ' Lechner Odon fasor 3']","[' Luxembourg', ' Retford', ' Wiener Neustadt', ' Budapest']",False,1500000.0," CAE Aviation, DEA Aviation Ltd, Airborne Technologies GmbH, Fly4Less Kft",Transport services
35,132816-2019,2019,Frontex — European Border and Coast Guard Agency,Poland,PL911 Miasto Warszawa,General public services,Aerial Surveillance Services for Border and Coast Guard Functions,Services,,27 000 000.00 EUR,60440000 Aerial and related services,Quality criterion - Name: technical value / Weighting: 0.60,Open procedure,https://ted.europa.eu/udl?uri=TED:NOTICE:132816-2019:TEXT:EN:HTML&src=0,27000000.0,2,yes,,"[' CAE Aviation', ' DEA Aviation Ltd']","[' Luxembourg', ' United Kingdom']",2 500 000.00 EUR,"[' Luxembourg International Airport', ' Retford Gamston Airport']","[' Luxembourg', ' Retford']",False,2500000.0," CAE Aviation, DEA Aviation Ltd",Transport services
36,132816-2019,2019,Frontex — European Border and Coast Guard Agency,Poland,PL911 Miasto Warszawa,General public services,Aerial Surveillance Services for Border and Coast Guard Functions,Services,,27 000 000.00 EUR,60440000 Aerial and related services,Quality criterion - Name: technical value / Weighting: 0.60,Open procedure,https://ted.europa.eu/udl?uri=TED:NOTICE:132816-2019:TEXT:EN:HTML&src=0,27000000.0,3,yes,,"[' CAE Aviation', ' DEA Aviation Ltd', ' EASP Air BV']","[' Luxembourg', ' United Kingdom', ' Netherlands']",4 300 000.00 EUR,"[' Luxembourg International Airport', ' Retford Gamston Airport', ' Thermiekstraat 52']","[' Luxembourg', ' Retford', ' Schiphol']",False,4300000.0," CAE Aviation, DEA Aviation, EASP Air BV",Transport services
37,132816-2019,2019,Frontex — European Border and Coast Guard Agency,Poland,PL911 Miasto Warszawa,General public services,Aerial Surveillance Services for Border and Coast Guard Functions,Services,,27 000 000.00 EUR,60440000 Aerial and related services,Quality criterion - Name: technical value / Weighting: 0.60,Open procedure,https://ted.europa.eu/udl?uri=TED:NOTICE:132816-2019:TEXT:EN:HTML&src=0,27000000.0,3,yes,,"[' CAE Aviation', ' DEA Aviation Ltd', ' EASP Air BV']","[' Luxembourg', ' United Kingdom', ' Netherlands']",5 200 000.00 EUR,"[' Luxembourg International Airport', ' Retford Gamston Airport', ' Thermiekstraat 52']","[' Luxembourg', ' Retford', ' Schiphol']",False,5200000.0," CAE Aviation, DEA Aviation, EASP Air BV",Transport services
38,132816-2019,2019,Frontex — European Border and Coast Guard Agency,Poland,PL911 Miasto Warszawa,General public services,Aerial Surveillance Services for Border and Coast Guard Functions,Services,,27 000 000.00 EUR,60440000 Aerial and related services,Quality criterion - Name: technical value / Weighting: 0.60,Open procedure,https://ted.europa.eu/udl?uri=TED:NOTICE:132816-2019:TEXT:EN:HTML&src=0,27000000.0,3,yes,,"[' CAE Aviation', ' DEA Aviation', ' EASP Air BV']","[' Luxembourg', ' United Kingdom', ' Netherlands']",9 000 000.00 EUR,"[' Luxembourg International Airport', ' Retford Gamston Airport', ' Thermiekstraat 52']","[' Luxembourg', ' Retford', ' Schiphol']",False,9000000.0," CAE Aviation, DEA Aviation, EASP Air BV",Transport services
39,132816-2019,2019,Frontex — European Border and Coast Guard Agency,Poland,PL911 Miasto Warszawa,General public services,Aerial Surveillance Services for Border and Coast Guard Functions,Services,,27 000 000.00 EUR,60440000 Aerial and related services,Quality criterion - Name: technical value / Weighting: 0.60,Open procedure,https://ted.europa.eu/udl?uri=TED:NOTICE:132816-2019:TEXT:EN:HTML&src=0,27000000.0,3,yes,,"[' CAE Aviation', ' DEA Aviation', ' EASP Air BV']","[' Luxembourg', ' United Kingdom', ' Netherlands']",4 500 000.00 EUR,"[' Luxembourg International Airport', ' Retford Gamston Airport', ' Thermiekstraat 52']","[' Luxembourg', ' Retford', ' Schiphol']",False,4500000.0," CAE Aviation, DEA Aviation, EASP Air BV",Transport services
40,125845-2019,2019,Frontex — European Border and Coast Guard Agency,Poland,PL911 Miasto Warszawa,Defence,Chartering Aircraft and Related Services for Return Operations,Services,,21 000 000.00 EUR,60420000 Non-scheduled air transport services,Price,Open procedure,https://ted.europa.eu/udl?uri=TED:NOTICE:125845-2019:TEXT:EN:HTML&src=0,21000000.0,2,yes,,"[' Air Charter Service Ltd', ' AS Aircontact']","[' United Kingdom', ' Norway']",3 000 000.00 EUR,"[' 171-185 Ewell Road', ' Karenslyst Alle 49']","[' Surbiton', ' Oslo']",False,3000000.0," Air Charter Service Ltd, AS Aircontact",Travel agency
41,120796-2019,2019,Frontex,Poland,PL POLSKA,General public services,Returns by Scheduled Flights supported by Frontex,Services,,30 000 000.00 EUR,"63500000 Travel agency, tour operator and tourist assistance services",Quality criterion - Name: Technical award criteria indicated in the tender specifications / Weighting: 60,Open procedure,https://ted.europa.eu/udl?uri=TED:NOTICE:120796-2019:TEXT:EN:HTML&src=0,30000000.0,1,no,,[' eTravel SA'],[' Poland'],30 000 000.00 EUR,[' Al. Jerozolimskie 142B'],[' Warsaw'],False,30000000.0, eTravel SA,Travel agency
42,075773-2019,2019,Frontex,Poland,PL911 Miasto Warszawa,General public services,Framework Contract for Provision of Vehicles for Migration Management support,Supplies,,2 000 000.00 EUR,34114000 Specialist vehicles,Quality criterion - Name: Technical paramenters of cars / Weighting: 60,Open procedure,https://ted.europa.eu/udl?uri=TED:NOTICE:075773-2019:TEXT:EN:HTML&src=0,2000000.0,1,no,,[' Car Master 2 Sp. z o.o. Sp.k'],[' Poland'],1 000 000.00 EUR,[' Jasnogórska 97'],[' Kraków'],False,1000000.0, Car Master 2 Sp. z o.o. Sp.k,Transport services
43,054218-2019,2019,Frontex,Poland,PL911 Miasto Warszawa,General public services,"Provision of Nautical Charts Web Map Service Design, Transition and Operation",Services,,150 000.00 EUR,48320000 Drawing and imaging software package,Price,Open procedure,https://ted.europa.eu/udl?uri=TED:NOTICE:054218-2019:TEXT:EN:HTML&src=0,150000.0,3,no,,[' Carmenta AB'],[' Sweden'],109 490.00 EUR,[' Sankt Eriksgatan 5'],[' Gotenborg'],False,109490.0, Carmenta AB,Software
44,041988-2019,2019,Frontex — European Border and Coast Guard Agency,Poland,PL911 Miasto Warszawa,General public services,Framework Contract for the acquisition of SAS software licences,Services,,1 350 000.00 EUR,48463000 Statistical software package,"Quality criterion - Name: Qualifications, expertise, suitability and professional competences of Contractor, the clarity and conciseness of the overall technical proposal and understanding of the objectives. / Weighting: 60",Award of a contract without prior publication of a call for competition in the Official Journal of the European Union in the cases listed below,https://ted.europa.eu/udl?uri=TED:NOTICE:041988-2019:TEXT:EN:HTML&src=0,1350000.0,1,no,,[' SAS Institute Polska Sp. z o.o.'],[' Poland'],1 350 000.00 EUR,[' ul. Gdańska 27/31'],[' Warszawa'],False,1350000.0, SAS Institute Polska Sp. z o.o.,Software
45,022827-2019,2019,Frontex — European Border and Coast Guard Agency,Poland,PL911 Miasto Warszawa,General public services,Maritime Surveillance Aerostat Trial,Services,,481 600.00 EUR,35120000 Surveillance and security systems and devices,Quality criterion - Name: technical score / Weighting: 0.60,Open procedure,https://ted.europa.eu/udl?uri=TED:NOTICE:022827-2019:TEXT:EN:HTML&src=0,481600.0,3,no,The contract is likely to be subcontracted,[' IN-innovative navigation GmbH'],[' Germany'],481 600.00 EUR,[' Leibnizstrasse 11'],[' Kornwestheim'],True,481600.0, IN-innovative navigation GmbH,Surveillance services
46,022826-2019,2019,Frontex,Poland,PL POLSKA,General public services,Delivery of Frontex Corporate Gifts,Services,,200 000.00 EUR,22000000 Printed matter and related products,Quality criterion - Name: Technical award criteria indicated in the tender documentation / Weighting: 60,Open procedure,https://ted.europa.eu/udl?uri=TED:NOTICE:022826-2019:TEXT:EN:HTML&src=0,200000.0,3,yes,,"[' Andree Group Andrzej Toffel', ' Decuatro Marketing Promocional S.L.', ' IGEP SA/NV']","[' Poland', ' Spain', ' Belgium']",200 000.00 EUR,"[' Sadowa 33H', ' C/Vinos Ribera del Duero,7 1ºB', ' rue du Trône 161']","[' Walendow', ' Valladolid', ' Brussels']",False,200000.0," Andree Group Andrzej Toffel, Decuatro Marketing Promocional S.L., IGEP SA/NV",Office supply
47,022825-2019,2019,Frontex,Poland,PL POLSKA,General public services,Provision of Cleaning Services for Frontex,Services,,1 200 000.00 EUR,"90000000 Sewage, refuse, cleaning and environmental services",Quality criterion - Name: Technical award criteria indicated in the tender specifications / Weighting: 70,Open procedure,https://ted.europa.eu/udl?uri=TED:NOTICE:022825-2019:TEXT:EN:HTML&src=0,1200000.0,2,no,,[' DC System Company Sp z oo'],[' Poland'],1 200 000.00 EUR,[' Marsa 56a'],[' Warsaw'],False,1200000.0, DC System Company Sp z oo,Repair and maintenance
48,022824-2019,2019,Frontex — European Border and Coast Guard Agency,Poland,PL911 Miasto Warszawa,General public services,Framework Contract for the Development of ICT Software Solution for the Management of Frontex Operational Resources – Opera System,Services,,8 000 000.00 EUR,72230000 Custom software development services,Quality criterion - Name: Technical award criteria according to the tender specification. / Weighting: 60,Open procedure,https://ted.europa.eu/udl?uri=TED:NOTICE:022824-2019:TEXT:EN:HTML&src=0,8000000.0,6,no,The contract is likely to be subcontracted,[' Asseco Poland SA'],[' Poland'],8 000 000.00 EUR,[' Ul.Olchowa 14'],[' Rzeszow'],True,8000000.0, Asseco Poland SA,Software
49,022823-2019,2019,Frontex — European Border and Coast Guard Agency,Poland,PL911 Miasto Warszawa,Defence,Framework Contract for Procurement of Crisis Management Consultancy,Services,,349 779.18 EUR,79430000 Crisis management services,Quality criterion - Name: Technical value / Weighting: 0.60,Open procedure,https://ted.europa.eu/udl?uri=TED:NOTICE:022823-2019:TEXT:EN:HTML&src=0,349779.18,9,yes,,"[' Ricardo Nederland BV', ' Ricardo-AEA Ltd']","[' Netherlands', ' United Kingdom']",349 779.18 EUR,"[' Catharijnesingel 337 B01', ' Old Shoreham Road']","[' Utrecht', ' Shoreham-by-Sea']",False,349779.18," Ricardo Nederland BV, Ricardo-AEA Ltd",Crisis management services
50,536410-2018,2018,Frontex,Poland,PL911 Miasto Warszawa,General public services,Framework Contract for Provision of Sanitary Supplies,Supplies,,180 000.00 EUR,33700000 Personal care products,Price,Open procedure,https://ted.europa.eu/udl?uri=TED:NOTICE:536410-2018:TEXT:EN:HTML&src=0,180000.0,1,no,,[' Fleischhacker GmbH and Co. KG'],[' Germany'],180 000.00 EUR,[' An der Silberkuhle 18'],[' Schwerte'],False,180000.0, Fleischhacker GmbH and Co. KG,Miscellaneous
51,531568-2018,2018,Frontex — European Border and Coast Guard Agency,Poland,PL911 Miasto Warszawa,General public services,Provision of Canteen Operator Services,Services,,1 999 800.00 EUR,55500000 Canteen and catering services,Quality criterion - Name: Technical evaluation / Weighting: 0.60,Open procedure,https://ted.europa.eu/udl?uri=TED:NOTICE:531568-2018:TEXT:EN:HTML&src=0,1999800.0,1,no,,[' Art’ Impression Catering Sp. z o.o.'],[' Poland'],1 999 800.00 EUR,[' Karczunkowska 170'],[' Warsaw'],False,1999800.0, Art’ Impression Catering Sp. z o.o.,Hotel and restaurant services
52,509257-2018,2018,Frontex,Poland,PL911 Miasto Warszawa,General public services,Framework Contract for Leasing of Off-road Vehicles for Frontex Operational Activities,Services,,2 000 000.00 EUR,34113000 4-wheel-drive vehicles,"Quality criterion - Name: Number of selected technical parameters of cars offered, warranty and maintenance / Weighting: 60",Open procedure,https://ted.europa.eu/udl?uri=TED:NOTICE:509257-2018:TEXT:EN:HTML&src=0,2000000.0,1,no,,[' Car Master 2 sp. z o.o. sp.k.'],[' Poland'],1 000 000.00 EUR,[' Jasnogórska 97'],[' Krakow'],False,1000000.0, Car Master 2 sp. z o.o. sp.k.,Transport services
53,502706-2018,2018,Frontex,Poland,PL POLSKA,General public services,Framework Contract for Organisation of Events Outside of Poland,Services,,12 000 000.00 EUR,63000000 Supporting and auxiliary transport services; travel agencies services,Quality criterion - Name: Technical award criteria indicated in tender specifications / Weighting: 70,Open procedure,https://ted.europa.eu/udl?uri=TED:NOTICE:502706-2018:TEXT:EN:HTML&src=0,12000000.0,3,no,,[' Pomilio Blumm SRL'],[' Italy'],12 000 000.00 EUR,[' Via Venezia 4'],[' Pescara'],False,12000000.0, Pomilio Blumm SRL,Travel agency
54,473919-2018,2018,Frontex,Poland,PL POLSKA,General public services,Provision of Office Supplies for Frontex,Supplies,,720 000.00 EUR,"30100000 Office machinery, equipment and supplies except computers, printers and furniture",Price,Open procedure,https://ted.europa.eu/udl?uri=TED:NOTICE:473919-2018:TEXT:EN:HTML&src=0,720000.0,1,no,,[' Jarosław Sztobryn Prooffice'],[' Poland'],720 000.00 EUR,[' Muszkieterów 15a'],[' Warsaw'],False,720000.0, Jarosław Sztobryn Prooffice,Office supply
55,453471-2018,2018,European Border and Coast Guard Agency — Frontex,Poland,PL911 Miasto Warszawa,General public services,Framework Contract for the Supply of Document Inspection Devices for Frontex Joint Operations,Supplies,,2 000 000.00 EUR,35120000 Surveillance and security systems and devices,Quality criterion - Name: The merit of the technical proposal / Weighting: 40,Open procedure,https://ted.europa.eu/udl?uri=TED:NOTICE:453471-2018:TEXT:EN:HTML&src=0,2000000.0,1,no,,[' Regula Baltija Ltd'],[' Latvia'],1 000 000.00 EUR,NA,[' Daugavpils'],False,1000000.0, Regula Baltija Ltd,Surveillance services
56,453471-2018,2018,European Border and Coast Guard Agency — Frontex,Poland,PL911 Miasto Warszawa,General public services,Framework Contract for the Supply of Document Inspection Devices for Frontex Joint Operations,Supplies,,2 000 000.00 EUR,35120000 Surveillance and security systems and devices,Quality criterion - Name: The merit of the technical proposal / Weighting: 40,Open procedure,https://ted.europa.eu/udl?uri=TED:NOTICE:453471-2018:TEXT:EN:HTML&src=0,2000000.0,2,no,,[' Regula Baltija Ltd'],[' Latvia'],800 000.00 EUR,[' rue du Fort Niedergrünewald'],[' Daugavpils'],False,800000.0, Regula Baltija Ltd,Surveillance services
57,391665-2018,2018,Frontex,Poland,PL POLSKA,General public services,Single Framework Contract for the provision of ICT products and services for Eurosur,Services,,12 000 000.00 EUR,48000000 Software package and information systems,Quality criterion - Name: as indicated in the tender specifications / Weighting: 60,Restricted procedure,https://ted.europa.eu/udl?uri=TED:NOTICE:391665-2018:TEXT:EN:HTML&src=0,12000000.0,1,no,,[' GMV Aerospace and Defence SAU'],[' Spain'],12 000 000.00 EUR,"[' C/ Isaac Newton 11, PTM Tres Cantos,']",[' Madrid'],False,12000000.0, GMV Aerospace and Defence SAU,Software
58,281156-2018,2018,Frontex,Poland,PL POLSKA,General public services,Provision of painting services for Frontex,Services,,200 000.00 EUR,45442110 Painting work of buildings,Price,Open procedure,https://ted.europa.eu/udl?uri=TED:NOTICE:281156-2018:TEXT:EN:HTML&src=0,200000.0,3,no,,[' ZRB Walko Waldemar Koński'],[' Poland'],200 000.00 EUR,[' Ul. Spacerowa 1'],[' Legionowo'],False,200000.0, ZRB Walko Waldemar Koński,Repair and maintenance
59,281152-2018,2018,European Border and Coast Guard Agency — Frontex,Poland,PL911 Not specified,General public services,Framework contract for the supply of handheld carbon dioxide detectors,Supplies,,250 000.00 EUR,35120000 Surveillance and security systems and devices,Price,Open procedure,https://ted.europa.eu/udl?uri=TED:NOTICE:281152-2018:TEXT:EN:HTML&src=0,250000.0,2,no,,[' Opticoelectron Group JSCo'],[' Bulgaria'],250 000.00 EUR,[' rue du Fort Niedergrünewald'],[' Panagyurishte'],False,250000.0, Opticoelectron Group JSCo,Surveillance services
60,249435-2018,2018,European Border and Coast Guard Agency — Frontex,Poland,PL911 Not specified,General public services,Maritime analysis tools,Services,,783 000.00 EUR,72316000 Data analysis services,Quality criterion - Name: Technical merit / Weighting: 60,Restricted procedure,https://ted.europa.eu/udl?uri=TED:NOTICE:249435-2018:TEXT:EN:HTML&src=0,783000.0,5,no,,[' Windward Ltd'],[' Israel'],783 000.00 EUR,[' rue du Fort Niedergrünewald'],[' Tel Aviv'],False,783000.0, Windward Ltd,Data services
61,192608-2018,2018,Frontex,Poland,PL POLSKA,General public services,Delivery and installation of furniture,Supplies,,5 350 000.00 EUR,39100000 Furniture,Quality criterion - Name: Technical award criteria indicated in the tender specifications / Weighting: 70,Open procedure,https://ted.europa.eu/udl?uri=TED:NOTICE:192608-2018:TEXT:EN:HTML&src=0,5350000.0,8,no,,[' Bene Warszawa Sp ZOO'],[' Poland'],4 500 000.00 EUR,[' Wołoska 9A'],[' Warsaw'],False,4500000.0, Bene Warszawa Sp ZOO,Office supply
62,192608-2018,2018,Frontex,Poland,PL POLSKA,General public services,Delivery and installation of furniture,Supplies,,5 350 000.00 EUR,39100000 Furniture,Quality criterion - Name: Technical award criteria indicated in the tender specifications / Weighting: 70,Open procedure,https://ted.europa.eu/udl?uri=TED:NOTICE:192608-2018:TEXT:EN:HTML&src=0,5350000.0,5,no,,[' Espes Office Sp ZOO'],[' Poland'],650 000.00 EUR,"[' Opacz- Kolonia, ul. Ewy 4']",[' Michałowice Osiedle'],False,650000.0, Espes Office Sp ZOO,Office supply
63,192608-2018,2018,Frontex,Poland,PL POLSKA,General public services,Delivery and installation of furniture,Supplies,,5 350 000.00 EUR,39100000 Furniture,Quality criterion - Name: Technical award criteria indicated in the tender specifications / Weighting: 70,Open procedure,https://ted.europa.eu/udl?uri=TED:NOTICE:192608-2018:TEXT:EN:HTML&src=0,5350000.0,6,no,,[' Bene Warszawa Sp ZOO'],[' Poland'],200 000.00 EUR,[' Wołoska 9A'],[' Warsaw'],False,200000.0, Bene Warszawa Sp ZOO,Office supply
64,118656-2018,2018,Frontex - European Border and Coast Guard Agency,Poland,PL911 Not specified,Defence,Framework Contract for Aerial Surveillance Services Assets and Expert Support Lot 1,Services,,14 500 000.00 EUR,60440000 Aerial and related services,Price,Award of a contract without prior publication of a call for competition in the Official Journal of the European Union in the cases listed below,https://ted.europa.eu/udl?uri=TED:NOTICE:118656-2018:TEXT:EN:HTML&src=0,14500000.0,4,no,The contract is likely to be subcontracted,[' Diamond-Executive Aviation Ltd'],[' United Kingdom'],14 500 000.00 EUR,[' Retford Gamston Airport'],[' Retford'],True,14500000.0, Diamond-Executive Aviation Ltd,Transport services
65,118656-2018,2018,Frontex - European Border and Coast Guard Agency,Poland,PL911 Not specified,Defence,Framework Contract for Aerial Surveillance Services Assets and Expert Support Lot 1,Services,,14 500 000.00 EUR,60440000 Aerial and related services,Price,Award of a contract without prior publication of a call for competition in the Official Journal of the European Union in the cases listed below,https://ted.europa.eu/udl?uri=TED:NOTICE:118656-2018:TEXT:EN:HTML&src=0,14500000.0,4,no,,[' CAE Aviation Sarl'],[' Luxembourg'],14 500 000.00 EUR,[' Luxembourg International Airport'],[' Luxembourg'],False,14500000.0, CAE Aviation Sarl,Transport services
66,118656-2018,2018,Frontex - European Border and Coast Guard Agency,Poland,PL911 Not specified,Defence,Framework Contract for Aerial Surveillance Services Assets and Expert Support Lot 1,Services,,14 500 000.00 EUR,60440000 Aerial and related services,Price,Award of a contract without prior publication of a call for competition in the Official Journal of the European Union in the cases listed below,https://ted.europa.eu/udl?uri=TED:NOTICE:118656-2018:TEXT:EN:HTML&src=0,14500000.0,4,no,,[' EASP Air BV'],[' Netherlands'],14 500 000.00 EUR,[' Stationsplein 286'],[' Schiphol'],False,14500000.0, EASP Air BV,Transport services
67,118656-2018,2018,Frontex - European Border and Coast Guard Agency,Poland,PL911 Not specified,Defence,Framework Contract for Aerial Surveillance Services Assets and Expert Support Lot 1,Services,,14 500 000.00 EUR,60440000 Aerial and related services,Price,Award of a contract without prior publication of a call for competition in the Official Journal of the European Union in the cases listed below,https://ted.europa.eu/udl?uri=TED:NOTICE:118656-2018:TEXT:EN:HTML&src=0,14500000.0,4,no,The contract is likely to be subcontracted,[' Indra Sistemas SA'],[' Spain'],14 500 000.00 EUR,"[' Avenida de Bruselas, 35']",[' Madrid'],True,14500000.0, Indra Sistemas SA,Transport services
68,109766-2018,2018,European Border and Coast Guard Agency - Frontex,Poland,PL911 Not specified,General public services,"Framework contract for the external quality assurance, accreditation and institutional review",Services,,1 400 000.00 EUR,80300000 Higher education services,Quality criterion - Name: Quality of the technical proposal / Weighting: 60,Open procedure,https://ted.europa.eu/udl?uri=TED:NOTICE:109766-2018:TEXT:EN:HTML&src=0,1400000.0,1,no,,[' City & Guilds of London Institute'],[' United Kingdom'],1 400 000.00 EUR,[' rue du Fort Niedergrünewald'],[' London'],False,1400000.0, City & Guilds of London Institute,Miscellaneous
69,109763-2018,2018,European Border and Coast Guard Agency — Frontex,Poland,PL911 Not specified,General public services,Framework contract for the supply of handheld equipment for border surveillance and border checks,Supplies,,100 000.00 EUR,35120000 Surveillance and security systems and devices,Price,Open procedure,https://ted.europa.eu/udl?uri=TED:NOTICE:109763-2018:TEXT:EN:HTML&src=0,100000.0,2,no,,[' Optexim AD'],[' Bulgaria'],100 000.00 EUR,[' rue du Fort Niedergrünewald'],[' Sofia'],False,100000.0, Optexim AD,Surveillance services
70,077715-2018,2018,European Border and Coast Guard Agency — Frontex,Poland,PL911 Not specified,General public services,Framework contract for the supply of handheld equipment for border surveillance and border checks,Supplies,,2 500 000.00 EUR,35120000 Surveillance and security systems and devices,Price,Open procedure,https://ted.europa.eu/udl?uri=TED:NOTICE:077715-2018:TEXT:EN:HTML&src=0,2500000.0,4,no,,[' OPTIX JSC'],[' Bulgaria'],1 250 000.00 EUR,[' rue du Fort Niedergrünewald'],[' Sofia'],False,1250000.0, OPTIX JSC,Surveillance services
71,060068-2018,2018,European Border and Coast Guard Agency - Frontex,Poland,PL911 Not specified,General public services,Framework contract for the supply of handheld equipment for border surveillance and border checks,Supplies,,2 500 000.00 EUR,35120000 Surveillance and security systems and devices,Price,Open procedure,https://ted.europa.eu/udl?uri=TED:NOTICE:060068-2018:TEXT:EN:HTML&src=0,2500000.0,1,no,,[' Opticoelectron Group'],[' Bulgaria'],500 000.00 EUR,[' rue du Fort Niedergrünewald'],[' Panagyurishte'],False,500000.0, Opticoelectron Group,Surveillance services
72,060067-2018,2018,European Border and Coast Guard Agency - Frontex,Poland,PL911 Not specified,General public services,Framework contract for the supply of handheld equipment for border surveillance and border checks,Supplies,,2 500 000.00 EUR,35120000 Surveillance and security systems and devices,Price,Open procedure,https://ted.europa.eu/udl?uri=TED:NOTICE:060067-2018:TEXT:EN:HTML&src=0,2500000.0,1,no,,[' Opticoelectron Group'],[' Bulgaria'],400 000.00 EUR,[' rue du Fort Niedergrünewald'],[' Panagyurishte'],False,400000.0, Opticoelectron Group,Surveillance services
73,055820-2018,2018,European Border and Coast Guard Agency - Frontex,Poland,PL911 Not specified,General public services,Framework contract for the provision of handyman and messenger services for Frontex headquarters,Services,,400 000.00 EUR,50800000 Miscellaneous repair and maintenance services,Price,Open procedure,https://ted.europa.eu/udl?uri=TED:NOTICE:055820-2018:TEXT:EN:HTML&src=0,400000.0,2,no,,"[' Consortium of Oktagon Polska Paweł Toffel, AndRee GROUP Andrzej Toffel, ADART S.C. led by Oktagon Polska Paweł Toffel']",[' Poland'],400 000.00 EUR,[' rue du Fort Niedergrünewald'],[' Walendów'],False,400000.0," Consortium of Oktagon Polska Paweł Toffel, AndRee GROUP Andrzej Toffel, ADART S.C. led by Oktagon Polska Paweł Toffel",Repair and maintenance
74,024591-2018,2018,Frontex,Poland,PL POLSKA,General public services,Technical Support for Testing and Evaluation of a New Copernicus Service,Services,,500 000.00 EUR,"79000000 Business services: law, marketing, consulting, recruitment, printing and security",Quality criterion - Name: Criteria indicated in the tender specifications / Weighting: 60,Open procedure,https://ted.europa.eu/udl?uri=TED:NOTICE:024591-2018:TEXT:EN:HTML&src=0,500000.0,9,yes,,"[' e-GEOS SPA', ' Telespazio France SAS']","[' Italy', ' France']",369 000.00 EUR,"[' Localita Terlecchie SNC', ' 26 av J.F. Champollion — BP 52309 6']","[' Matera', ' Toulouse']",False,369000.0," e-GEOS SPA, Telespazio France SAS",Business services
75,010629-2018,2018,Frontex — European Border and Coast Guard Agency,Poland,PL911 Not specified,Defence,Trial of Remotely Piloted Aircraft System (RPAS) for long endurance Maritime Aerial Surveillance,Services,,6 447 000.00 EUR,60440000 Aerial and related services,Quality criterion - Name: technical value / Weighting: 0.60,Open procedure,https://ted.europa.eu/udl?uri=TED:NOTICE:010629-2018:TEXT:EN:HTML&src=0,6447000.0,3,no,,"[' Israel Aerospace Industries Limited, Malat Division']",[' Israel'],4 750 000.00 EUR,NA,[' Ben Gurion International Airport'],False,4750000.0," Israel Aerospace Industries Limited, Malat Division",Transport services
76,010629-2018,2018,Frontex — European Border and Coast Guard Agency,Poland,PL911 Not specified,Defence,Trial of Remotely Piloted Aircraft System (RPAS) for long endurance Maritime Aerial Surveillance,Services,,6 447 000.00 EUR,60440000 Aerial and related services,Quality criterion - Name: technical value / Weighting: 0.60,Open procedure,https://ted.europa.eu/udl?uri=TED:NOTICE:010629-2018:TEXT:EN:HTML&src=0,6447000.0,2,no,,[' Leonardo SPA'],[' Italy'],1 697 000.00 EUR,[' Piazza Monte Grappa 4'],[' Rome'],False,1697000.0, Leonardo SPA,Transport services
77,010627-2018,2018,Frontex - European Border and Coast Guard Agency,Poland,PL911 Not specified,Defence,Chartering aircraft and related services for return operations,Services,,20 000 000.00 EUR,60420000 Non-scheduled air transport services,Price,Open procedure,https://ted.europa.eu/udl?uri=TED:NOTICE:010627-2018:TEXT:EN:HTML&src=0,20000000.0,5,yes,,"[' AS Aircontact', ' Air Charter Service Limited']","[' Norway', ' United Kingdom']",18 000 000.00 EUR,"[' Karenslyst Alle 49', ' Millbank House, 171-185 Ewell Road, Surrey']","[' Oslo', ' Surbiton']",False,18000000.0," AS Aircontact, Air Charter Service Limited",Travel agency
78,010627-2018,2018,Frontex - European Border and Coast Guard Agency,Poland,PL911 Not specified,Defence,Chartering aircraft and related services for return operations,Services,,20 000 000.00 EUR,60420000 Non-scheduled air transport services,Price,Open procedure,https://ted.europa.eu/udl?uri=TED:NOTICE:010627-2018:TEXT:EN:HTML&src=0,20000000.0,5,yes,,"[' AS Aircontact', ' Air Charter Service Limited']","[' Norway', ' United Kingdom']",2 000 000.00 EUR,"[' Karenslyst Alle 49', ' Millbank House, 171-185 Ewell Road, Surrey']","[' Oslo', ' Surbiton']",False,2000000.0," AS Aircontact, Air Charter Service Limited",Travel agency
79,008449-2018,2018,FRONTEX,Poland,PL POLSKA,General public services,"Provision of HID® FARGO® HDP5000 ID card printers, consumables and services",Supplies,,190 000.00 EUR,"30000000 Office and computing machinery, equipment and supplies except furniture and software packages",Price,Open procedure,https://ted.europa.eu/udl?uri=TED:NOTICE:008449-2018:TEXT:EN:HTML&src=0,190000.0,4,no,,[' Control system FMN Sp z oo'],[' Poland'],190 000.00 EUR,[' Al. KEN 96 U 15'],[' Warsaw'],False,190000.0, Control system FMN Sp z oo,Hardware
80,508644-2017,2017,Frontex,Poland,PL POLSKA,General public services,"Framework contract with reopening of competition for deliveries of ICT equipment, spare parts and accessories",Supplies,,2 000 000.00 EUR,30230000 Computer-related equipment,Quality criterion - Name: As indicated in the Tender Specifications / Weighting: 30,Open procedure,https://ted.europa.eu/udl?uri=TED:NOTICE:508644-2017:TEXT:EN:HTML&src=0,2000000.0,4,yes,,"[' Uni Business Centre BV', ' Nextis services s.r.o.', ' AutoCont CZ a.s.', ' Bechtle direct Polska sp z oo']","[' Netherlands', ' Czechia', ' Czechia', ' Poland']",2 000 000.00 EUR,"[' Zekeringstraat 9a', ' Krmelinska 934/4', ' Hornopolni 3322/34', ' Krakowska 119']","[' Amsterdam', ' Ostrava', ' Ostrava', ' Wroclaw']",False,2000000.0," Uni Business Centre BV, Nextis services s.r.o., AutoCont CZ a.s., Bechtle direct Polska sp z oo",Hardware
81,508643-2017,2017,Frontex,Poland,PL POLSKA,General public services,Delivery and installation of office chairs,Supplies,,368 000.00 EUR,39100000 Furniture,Quality criterion - Name: As indicated in the Tender Specifications / Weighting: 60,Open procedure,https://ted.europa.eu/udl?uri=TED:NOTICE:508643-2017:TEXT:EN:HTML&src=0,368000.0,7,no,,[' Profil nabytek as'],[' Czechia'],368 000.00 EUR,[' Hradska 280'],[' Humpolec'],False,368000.0, Profil nabytek as,Office supply
82,437394-2017,2017,Frontex,Poland,PL POLSKA,General public services,Office materials with Frontex corporate identity.,Services,,180 000.00 EUR,"22800000 Paper or paperboard registers, account books, binders, forms and other articles of printed stationery",Quality criterion - Name: As stated in the tender documents / Weighting: 40,Open procedure,https://ted.europa.eu/udl?uri=TED:NOTICE:437394-2017:TEXT:EN:HTML&src=0,180000.0,4,no,,[' Arch sc Mirosława Nowicka Marek Nowicki'],[' Poland'],180 000.00 EUR,[' Żeliwna 43'],[' Katowice'],False,180000.0, Arch sc Mirosława Nowicka Marek Nowicki,Office supply
83,422204-2017,2017,Frontex,Poland,PL911 Not specified,General public services,Environmental assessment — meteorological and oceanographic services.,Services,,3 200 000.00 EUR,48614000 Data-acquisition system,Quality criterion - Name: As per tender specifications / Weighting: 50,Open procedure,https://ted.europa.eu/udl?uri=TED:NOTICE:422204-2017:TEXT:EN:HTML&src=0,3200000.0,3,no,,[' MeteoGroup Nederland B.V.'],[' Netherlands'],3 200 000.00 EUR,[' Agro Business Park 99–101'],[' Wageningen'],False,3200000.0, MeteoGroup Nederland B.V.,Data services
84,417410-2017,2017,European Border and Coast Guard Agency — Frontex,Poland,PL911 Not specified,General public services,"Multiple framework contract for the provision of services related to SAS software, Microsoft BI and ESRI GIS.",Services,,1 100 000.00 EUR,72200000 Software programming and consultancy services,Quality criterion - Name: Technical merit / Weighting: 60,Open procedure,https://ted.europa.eu/udl?uri=TED:NOTICE:417410-2017:TEXT:EN:HTML&src=0,1100000.0,4,yes,,"[' Dotsoft SA', ' Epsilon Malta Ltd']","[' Greece', ' Malta']",1 100 000.00 EUR,NA,"[' Thessaloniki', ' Swatar']",False,1100000.0," Dotsoft SA, Epsilon Malta Ltd",Software
85,417410-2017,2017,European Border and Coast Guard Agency — Frontex,Poland,PL911 Not specified,General public services,"Multiple framework contract for the provision of services related to SAS software, Microsoft BI and ESRI GIS.",Services,,1 100 000.00 EUR,72200000 Software programming and consultancy services,Quality criterion - Name: Technical merit / Weighting: 60,Open procedure,https://ted.europa.eu/udl?uri=TED:NOTICE:417410-2017:TEXT:EN:HTML&src=0,1100000.0,4,yes,,"[' Asseco Poland SA', ' ESRI Polska Sp. z o.o.']","[' Poland', ' Poland']",1 100 000.00 EUR,NA,"[' Warsaw', ' Warszawa']",False,1100000.0," Asseco Poland SA, ESRI Polska Sp. z o.o.",Software
86,417410-2017,2017,European Border and Coast Guard Agency — Frontex,Poland,PL911 Not specified,General public services,"Multiple framework contract for the provision of services related to SAS software, Microsoft BI and ESRI GIS.",Services,,1 100 000.00 EUR,72200000 Software programming and consultancy services,Quality criterion - Name: Technical merit / Weighting: 60,Open procedure,https://ted.europa.eu/udl?uri=TED:NOTICE:417410-2017:TEXT:EN:HTML&src=0,1100000.0,4,no,,[' GeneGIS GI Srl (former GESP Srl)'],[' Italy'],1 100 000.00 EUR,[' rue du Fort Niedergrünewald'],[' Milan MI'],False,1100000.0, GeneGIS GI Srl (former GESP Srl),Software
87,412856-2017,2017,European Border and Coast Guard Agency — Frontex,Poland,PL911 Not specified,General public services,Framework contract for the provision of reflective Frontex labelled vests.,Supplies,,1 120 000.00 EUR,"18100000 Occupational clothing, special workwear and accessories",Quality criterion - Name: Technical merit / Weighting: 60,Open procedure,https://ted.europa.eu/udl?uri=TED:NOTICE:412856-2017:TEXT:EN:HTML&src=0,1120000.0,2,no,,[' BATEX Technische Textilien GmbH'],[' Germany'],1 120 000.00 EUR,[' OT Bretnig'],[' Großröhrsdorf'],False,1120000.0, BATEX Technische Textilien GmbH,Miscellaneous
88,367807-2017,2017,European Border and Coast Guard Agency — Frontex,Poland,PL911 Not specified,General public services,"Multiple framework contract for the provision of services related to SAS software, Microsoft BI and ESRI GIS.",Services,,600 000.00 EUR,72200000 Software programming and consultancy services,Quality criterion - Name: Technical merit / Weighting: 60,Open procedure,https://ted.europa.eu/udl?uri=TED:NOTICE:367807-2017:TEXT:EN:HTML&src=0,600000.0,2,no,,[' Pentacomp Systemy Informatyczne S.A.'],[' Poland'],600 000.00 EUR,NA,[' Warsaw'],False,600000.0, Pentacomp Systemy Informatyczne S.A.,Software
89,367807-2017,2017,European Border and Coast Guard Agency — Frontex,Poland,PL911 Not specified,General public services,"Multiple framework contract for the provision of services related to SAS software, Microsoft BI and ESRI GIS.",Services,,600 000.00 EUR,72200000 Software programming and consultancy services,Quality criterion - Name: Technical merit / Weighting: 60,Open procedure,https://ted.europa.eu/udl?uri=TED:NOTICE:367807-2017:TEXT:EN:HTML&src=0,600000.0,2,no,,[' Fabrity K2 Sp. z o.o.'],[' Poland'],600 000.00 EUR,[' rue du Fort Niedergrünewald'],[' Warsaw'],False,600000.0, Fabrity K2 Sp. z o.o.,Software
90,351634-2017,2017,Frontex — European Border and Coast Guard Agency,Poland,PL911 Not specified,Defence,Amendment No 2 to the contract ‘MyFrontex digital workplace (COTS-based intranet)’.,Services,,439 593.32 EUR,48000000 Software package and information systems,Price,Award of a contract without prior publication of a call for competition in the Official Journal of the European Union in the cases listed below,https://ted.europa.eu/udl?uri=TED:NOTICE:351634-2017:TEXT:EN:HTML&src=0,439593.32,1,no,,[' Netcompany IT and Business Consulting A/S'],[' Denmark'],439 593.32 EUR,[' Gronningen 17'],[' Copenhagen'],False,439593.32, Netcompany IT and Business Consulting A/S,Software
91,321184-2017,2017,European Border and Coast Guard Agency — Frontex,Poland,PL911 Not specified,General public services,"Multiple framework contract for the provision of services related to SAS software, Microsoft BI and ESRI GIS.",Services,,1 900 000.00 EUR,72200000 Software programming and consultancy services,Quality criterion - Name: Technical merit / Weighting: 60,Open procedure,https://ted.europa.eu/udl?uri=TED:NOTICE:321184-2017:TEXT:EN:HTML&src=0,1900000.0,1,no,,[' SAS Institute Polska Sp. z o.o.'],[' Poland'],1 900 000.00 EUR,[' rue du Fort Niedergrünewald'],[' Warsaw'],False,1900000.0, SAS Institute Polska Sp. z o.o.,Software
92,265067-2017,2017,Frontex,Poland,PL911 Not specified,General public services,Framework contract for passenger ferry transfer services.,Services,,4 000 000.00 EUR,60610000 Ferry transport services,Price,Open procedure,https://ted.europa.eu/udl?uri=TED:NOTICE:265067-2017:TEXT:EN:HTML&src=0,4000000.0,4,no,,[' Sunrise Lines E.P.E. (Ltd)'],[' Greece'],2 000 000.00 EUR,[' Profiti Ilias Vrontados'],[' Vrontados'],False,2000000.0, Sunrise Lines E.P.E. (Ltd),Transport services
93,265067-2017,2017,Frontex,Poland,PL911 Not specified,General public services,Framework contract for passenger ferry transfer services.,Services,,4 000 000.00 EUR,60610000 Ferry transport services,Price,Open procedure,https://ted.europa.eu/udl?uri=TED:NOTICE:265067-2017:TEXT:EN:HTML&src=0,4000000.0,3,no,,[' Pantelopoulos Panagiotis'],[' Greece'],1 000 000.00 EUR,[' Chrysanthou Thermioti 1'],[' Mitilini'],False,1000000.0, Pantelopoulos Panagiotis,Transport services
94,265067-2017,2017,Frontex,Poland,PL911 Not specified,General public services,Framework contract for passenger ferry transfer services.,Services,,4 000 000.00 EUR,60610000 Ferry transport services,Price,Open procedure,https://ted.europa.eu/udl?uri=TED:NOTICE:265067-2017:TEXT:EN:HTML&src=0,4000000.0,3,no,,[' Samwell Limited'],[' Cyprus'],1 000 000.00 EUR,"[' Kolokotroni Street 6, Agios Dometios']",[' Nicosia'],False,1000000.0, Samwell Limited,Transport services
95,251218-2017,2017,European Border and Coast Guard Agency — Frontex,Poland,PL911 Not specified,General public services,Framework contract for the implementation of advanced electronic signature with qualified certificate for Frontex documents and workflows.,Services,,234 035.00 EUR,48000000 Software package and information systems,Quality criterion - Name: Quality of the technical proposal as described in detail in the tender specifications / Weighting: 60,Open procedure,https://ted.europa.eu/udl?uri=TED:NOTICE:251218-2017:TEXT:EN:HTML&src=0,234035.0,4,no,,[' InfoCert S.p.A.'],[' Italy'],234 035.00 EUR,[' rue du Fort Niedergrünewald'],[' Rome (RM)'],False,234035.0, InfoCert S.p.A.,Software
96,131551-2017,2017,Frontex — European Border and Coast Guard Agency,Poland,PL127 Miasto Warszawa,Defence,Mobile telecommunication services and equipment.,Services,,8 954 400.00 PLN,64200000 Telecommunications services,Price,Open procedure,https://ted.europa.eu/udl?uri=TED:NOTICE:131551-2017:TEXT:EN:HTML&src=0,1969968.0,2,no,,[' Polkomtel Sp. z o.o.'],[' Poland'],8 954 400.00 PLN,[' Konstruktorska 4'],[' Warsaw'],False,1969968.0, Polkomtel Sp. z o.o.,Telecommunications services
97,025283-2017,2017,Frontex,Poland,PL127 Miasto Warszawa,General public services,Purchase of the digital surface model along the EU borders.,Services,,250 000.00 EUR,72319000 Data supply services,Quality criterion - Name: DSM resolution / Weighting: 20,Open procedure,https://ted.europa.eu/udl?uri=TED:NOTICE:025283-2017:TEXT:EN:HTML&src=0,250000.0,3,no,,[' GAF AG'],[' Germany'],228 600.00 EUR,[' Arnulfstraße 199'],[' München'],False,228600.0, GAF AG,Data services
98,022994-2017,2017,Frontex — European Border and Coast Guard Agency,Poland,PL127 Miasto Warszawa,Defence,Amendment No 1 to the contract ‘MyFrontex digital workplace (COTS-based intranet)’.,Services,,189 630.00 EUR,48000000 Software package and information systems,Price,Award of a contract without prior publication of a call for competition in the Official Journal of the European Union in the cases listed below,https://ted.europa.eu/udl?uri=TED:NOTICE:022994-2017:TEXT:EN:HTML&src=0,189630.0,1,no,,[' Netcompany IT and Business Consulting A/S'],[' Denmark'],189 630.00 EUR,[' Gronningen 17'],[' Copenhagen'],False,189630.0, Netcompany IT and Business Consulting A/S,Software
99,000007-2017,2017,Frontex,Poland,PL POLSKA,General public services,Framework contract for the provision of passenger transfer services by land lot 1 — Lesvos; lot 2 — Chios; lot 3 — Kos.,Services,,450 000.00 EUR,60170000 Hire of passenger transport vehicles with driver,Price,Open procedure,https://ted.europa.eu/udl?uri=TED:NOTICE:000007-2017:TEXT:EN:HTML&src=0,450000.0,1,no,,[' Vagia Tzislaki — Lesvorama General Travel Agency'],[' Greece'],150 000.00 EUR,"[' M. Goutou 22, Lesvos']",[' Mithimna'],False,150000.0, Vagia Tzislaki — Lesvorama General Travel Agency,Transport services
100,000007-2017,2017,Frontex,Poland,PL POLSKA,General public services,Framework contract for the provision of passenger transfer services by land lot 1 — Lesvos; lot 2 — Chios; lot 3 — Kos.,Services,,450 000.00 EUR,60170000 Hire of passenger transport vehicles with driver,Price,Open procedure,https://ted.europa.eu/udl?uri=TED:NOTICE:000007-2017:TEXT:EN:HTML&src=0,450000.0,1,no,,[' Vagia Tzislaki — Lesvorama General Travel Agency'],[' Greece'],150 000.00 EUR,"[' M. Goutou 22, Lesvos']",[' Mithimna'],False,150000.0, Vagia Tzislaki — Lesvorama General Travel Agency,Transport services
101,434977-2016,2016,Frontex,Poland,PL POLSKA,General public services,Framework contract for organisation of events outside of Poland.,Services,,6 000 000.00 EUR,63510000 Travel agency and similar services,Quality criterion - Name: According to the award criteria included in the tender specifications / Weighting: 60,Open procedure,https://ted.europa.eu/udl?uri=TED:NOTICE:434977-2016:TEXT:EN:HTML&src=0,6000000.0,10,no,,[' Adria Congrex srl'],[' Italy'],6 000 000.00 EUR,[' via Sassonia 30'],[' Rimini RN'],False,6000000.0, Adria Congrex srl,Travel agency
102,364567-2016,2016,Frontex,Poland,PL127 Miasto Warszawa,Defence,Purchase of Microsoft premier support services 2016/2017.,Services,,1 417 675.00 PLN,"72000000 IT services: consulting, software development, Internet and support",Price,Award of a contract without prior publication of a call for competition in the Official Journal of the European Union in the cases listed below,https://ted.europa.eu/udl?uri=TED:NOTICE:364567-2016:TEXT:EN:HTML&src=0,311888.5,1,no,,[' Microsoft Sp. z o.o.'],[' Poland'],1 417 675.00 PLN,[' Aleje Jerozolimskie 195a'],[' Warsaw'],False,311888.5, Microsoft Sp. z o.o.,Software
103,342906-2016,2016,European Agency for the Management of Operational Cooperation at the External Borders of the Member States of the European Union — Frontex,Poland,PL127 Miasto Warszawa,General public services,Multiple framework contract with reopening of competition for the provision of SharePoint-related services.,Services,,2 650 000.00 EUR,"72000000 IT services: consulting, software development, Internet and support",Quality criterion - Name: Quality assurance for times and means and quoted times and means specific contracts / Weighting: 20 points,Open procedure,https://ted.europa.eu/udl?uri=TED:NOTICE:342906-2016:TEXT:EN:HTML&src=0,2650000.0,5,no,,"[' BoldBrick s.r.o.', ' Fabrity K2 Sp. z o.o.', ' IT-Dev Sp. z o.o.']","[' Czechia', ' Poland', ' Poland']",2 650 000.00 EUR,NA,"[' Prague', ' Warsaw', ' Wrocław']",False,2650000.0," BoldBrick s.r.o., Fabrity K2 Sp. z o.o., IT-Dev Sp. z o.o.",Software
104,320222-2016,2016,Frontex,Poland,PL127 Miasto Warszawa,Other activity: Management of operational cooperation at the external borders of the Member States of the EU.,MyFrontex digital workplace (COTS-based intranet).,Services,,1 276 694.00 EUR,48000000 Software package and information systems,Quality criterion - Name: Technical quality / Weighting: 0.60,Open procedure,https://ted.europa.eu/udl?uri=TED:NOTICE:320222-2016:TEXT:EN:HTML&src=0,1276694.0,4,no,The contract is likely to be subcontracted,[' Netcompany IT and Business Consulting A/S'],[' Denmark'],1 276 694.00 EUR,[' Gronningen 17'],[' Copenhagen'],True,1276694.0, Netcompany IT and Business Consulting A/S,Software
105,395124-2015,2015,Frontex,Poland,NA,General public services,"Nautical charts Web map service, design, transition and operation.",Services,NA,112 795 EUR,48324000 Charting software package,Lowest price,Open,https://ted.europa.eu/udl?uri=TED:NOTICE:395124-2015:TEXT:EN:HTML&src=0,112795.0,3,NA,The contract is likely to be sub-contracted: no,[' Carmenta AB'],[' Sweden'],112 795 EUR,[' Box 11354'],[' Gothenburg'],False,112795.0, Carmenta AB,Software
106,387513-2015,2015,European Agency for the Management of Operational Cooperation at the External Borders of the Member States of the European Union — Frontex,Poland,NA,I.4)Contract award on behalf of other contracting authorities,Provision of interpretation services.,Services,NA,500 000 EUR,79540000 Interpretation services,Lowest price,Open,https://ted.europa.eu/udl?uri=TED:NOTICE:387513-2015:TEXT:EN:HTML&src=0,500000.0,2,NA,The contract is likely to be sub-contracted: no,"[' The consortium of Agence Gemra, BTCS Sp. z o.o. and GTC AMG Sp. z o.o.']",[' Poland'],500 000 EUR,[' rue du Fort Niedergrünewald'],[' Warsaw'],False,500000.0," The consortium of Agence Gemra, BTCS Sp. z o.o. and GTC AMG Sp. z o.o.",Interpretation services
107,387512-2015,2015,European Agency for the Management of Operational Cooperation at the External Borders of the Member States of the European Union — Frontex,Poland,NA,I.4)Contract award on behalf of other contracting authorities,Framework contract for the provision of services and equipment related to ICT networks and audio/video systems.,Services,NA,4 200 000 EUR,"72000000 IT services: consulting, software development, Internet and support",The most economically advantageous tender in terms of,Open,https://ted.europa.eu/udl?uri=TED:NOTICE:387512-2015:TEXT:EN:HTML&src=0,4200000.0,2,NA,The contract is likely to be sub-contracted: no,[' Asseco Poland SA'],[' Poland'],4 200 000 EUR,[' ul. Olchowa 14'],[' Rzeszów'],False,4200000.0, Asseco Poland SA,Software
108,387511-2015,2015,European Agency for the Management of Operational Cooperation at the External Borders of the Member States of the European Union — Frontex,Poland,NA,I.4)Contract award on behalf of other contracting authorities,Framework contract for the provision of interim staff services.,Services,NA,1 500 000 EUR,79600000 Recruitment services,The most economically advantageous tender in terms of,Open,https://ted.europa.eu/udl?uri=TED:NOTICE:387511-2015:TEXT:EN:HTML&src=0,1500000.0,1,NA,The contract is likely to be sub-contracted: no,[' Grafton Recruitment Polska Sp. z o.o.'],[' Poland'],1 500 000 EUR,[' Sienna 39'],[' Warsaw'],False,1500000.0, Grafton Recruitment Polska Sp. z o.o.,Miscellaneous
109,299325-2015,2015,Frontex,Poland,NA,I.4)Contract award on behalf of other contracting authorities,Media/digital assets management system.,Services,NA,645 960 EUR,48000000 Software package and information systems,The most economically advantageous tender in terms of,competitive dialogue,https://ted.europa.eu/udl?uri=TED:NOTICE:299325-2015:TEXT:EN:HTML&src=0,645960.0,4,NA,The contract is likely to be sub-contracted: no,[' Zeticon NV'],[' Belgium'],645 960 EUR,"[' Gaston Crommenlaan 10, box 101']",[' Gent'],False,645960.0, Zeticon NV,Software
110,268327-2015,2015,European Agency for the Management of Operational Cooperation at the External Borders of the Member States of the European Union — Frontex,Poland,NA,I.4)Contract award on behalf of other contracting authorities,Framework contract for provision of handymen services.,Services,NA,195 000 EUR,50000000 Repair and maintenance services,Lowest price,Open,https://ted.europa.eu/udl?uri=TED:NOTICE:268327-2015:TEXT:EN:HTML&src=0,195000.0,3,NA,The contract is likely to be sub-contracted: no,[' Wisag Polska Sp. z o.o.'],[' Poland'],195 000 EUR,[' Podgórna 67'],[' Szczecin'],False,195000.0, Wisag Polska Sp. z o.o.,Repair and maintenance
111,183486-2015,2015,Frontex,Poland,NA,I.4)Contract award on behalf of other contracting authorities,Environmental assessment — meteorological and oceanographic services.,Services,NA,1 420 000 EUR,90700000 Environmental services,The most economically advantageous tender in terms of,Open,https://ted.europa.eu/udl?uri=TED:NOTICE:183486-2015:TEXT:EN:HTML&src=0,1420000.0,1,NA,The contract is likely to be sub-contracted: no,"[' MeteoGroup Polska Sp. z o.o.', ' MeteoGroup Polska Sp. z o.o.']","[' Poland', ' Luxembourg']",810 000 EUR,"[' ul. Serocka 10', ' ul. Serocka 10']","[' Warsaw', ' Warsaw']",False,810000.0," MeteoGroup Polska Sp. z o.o., MeteoGroup Polska Sp. z o.o.",Miscellaneous
112,148655-2015,2015,Frontex,Poland,NA,General public services,Organisation of the European day for border guards event.,Services,NA,"165 970,20 PLN",55120000 Hotel meeting and conference services,The most economically advantageous tender in terms of,Award of a contract without prior publication of a contract notice in the Official Journal of the European Union (in the cases listed in Section 2 of Annex D1),https://ted.europa.eu/udl?uri=TED:NOTICE:148655-2015:TEXT:EN:HTML&src=0,36513.444,2,NA,The contract is likely to be sub-contracted: no,[' Events Center Creative Agency Krzysztof Koczur'],[' Poland'],"165 970,20 PLN",[' ul. Zeylanda 3/9'],[' Poznań'],False,36513.444, Events Center Creative Agency Krzysztof Koczur,Hotel and restaurant services
113,114725-2015,2015,Frontex,Poland,NA,I.4)Contract award on behalf of other contracting authorities,Organisation of the European day for border guards event.,Services,NA,403 230 PLN,55300000 Restaurant and food-serving services,The most economically advantageous tender in terms of,Open,https://ted.europa.eu/udl?uri=TED:NOTICE:114725-2015:TEXT:EN:HTML&src=0,88710.6,6,NA,The contract is likely to be sub-contracted: no,[' Belvedere — Cafe Łazienki Królewskie Sp. z o.o.'],[' Poland'],403 230 PLN,[' ul. Agrykoli 1'],[' Warsaw'],False,88710.6, Belvedere — Cafe Łazienki Królewskie Sp. z o.o.,Hotel and restaurant services
114,114724-2015,2015,Frontex,Poland,NA,I.4)Contract award on behalf of other contracting authorities,Organisation of the European day for border guards event.,Services,NA,40 073 PLN,55300000 Restaurant and food-serving services,Lowest price,Open,https://ted.europa.eu/udl?uri=TED:NOTICE:114724-2015:TEXT:EN:HTML&src=0,8816.06,5,NA,The contract is likely to be sub-contracted: no,[' Events Center Creative Agency Koczur Krzysztof'],[' Poland'],40 073 PLN,[' ul. Zeylanda 3/9'],[' Poznań'],False,8816.06, Events Center Creative Agency Koczur Krzysztof,Hotel and restaurant services
115,020285-2015,2015,Frontex,Poland,NA,I.4)Contract award on behalf of other contracting authorities,Organisation of the European day for border guards event.,Services,NA,"392 604,40 PLN",55300000 Restaurant and food-serving services,The most economically advantageous tender in terms of,Open,https://ted.europa.eu/udl?uri=TED:NOTICE:020285-2015:TEXT:EN:HTML&src=0,86372.96800000001,5,NA,The contract is likely to be sub-contracted: no,[' Events Center Creative Agency Koczur Krzysztof'],[' Poland'],"392 604,40 PLN",[' Zeylanda 3/9'],[' Poznań'],False,86372.96800000001, Events Center Creative Agency Koczur Krzysztof,Hotel and restaurant services
116,011967-2015,2015,European Agency for the Management of Operational Cooperation at the External Borders of the Member States of the European Union — Frontex,Poland,NA,I.4)Contract award on behalf of other contracting authorities,Framework contract for provision of cleaning services for Frontex headquarters.,Services,NA,530 000 EUR,90910000 Cleaning services,The most economically advantageous tender in terms of,Open,https://ted.europa.eu/udl?uri=TED:NOTICE:011967-2015:TEXT:EN:HTML&src=0,530000.0,9,NA,The contract is likely to be sub-contracted: no,[' Ever Grupa Sp. z o.o.'],[' Poland'],530 000 EUR,[' Arkuszowa 39'],[' Warsaw'],False,530000.0, Ever Grupa Sp. z o.o.,Miscellaneous
117,411329-2014,2014,Frontex,Poland,NA,I.4)Contract award on behalf of other contracting authorities,Frontex positioning system.,Services,NA,"578 378,35 EUR","72000000 IT services: consulting, software development, Internet and support",The most economically advantageous tender in terms of,Open,https://ted.europa.eu/udl?uri=TED:NOTICE:411329-2014:TEXT:EN:HTML&src=0,578378.35,2,NA,The contract is likely to be sub-contracted: no,[' Atos IT Solutions and Services Iberia S.L.'],[' Spain'],"578 378,35 EUR","[' Ronda de Europa, 5']",[' Tres Cantos (Madrid)'],False,578378.35, Atos IT Solutions and Services Iberia S.L.,Software
118,394997-2014,2014,Frontex,Poland,NA,I.4)Contract award on behalf of other contracting authorities,Delivery of furniture.,Supplies,NA,368 275 EUR,39100000 Furniture,The most economically advantageous tender in terms of,Open,https://ted.europa.eu/udl?uri=TED:NOTICE:394997-2014:TEXT:EN:HTML&src=0,368275.0,3,NA,The contract is likely to be sub-contracted: yes,"[' Espes Office Sp. z o.o.', ' Espes Office Sp. z o.o.', ' Espes Office Sp. z o.o.']","[' Poland', ' Poland', ' Poland']",368 275 EUR,"[' ul. Ewy 4', ' ul. Ewy 4', ' ul. Ewy 4']","[' Michałowice', ' Michałowice', ' Michałowice']",True,368275.0," Espes Office Sp. z o.o., Espes Office Sp. z o.o., Espes Office Sp. z o.o.",Office supply
119,334437-2014,2014,Frontex,Poland,NA,I.4)Contract award on behalf of other contracting authorities,Purchase of multifunctional devices and related services.,Services,NA,325 120 EUR,"30100000 Office machinery, equipment and supplies except computers, printers and furniture",Lowest price,Open,https://ted.europa.eu/udl?uri=TED:NOTICE:334437-2014:TEXT:EN:HTML&src=0,325120.0,1,NA,The contract is likely to be sub-contracted: no,[' New Technology Poland S.A.'],[' Poland'],325 120 EUR,[' Lelechowska 10'],[' Warszawa'],False,325120.0, New Technology Poland S.A.,Office supply
120,309706-2014,2014,Frontex,Poland,NA,I.4)Contract award on behalf of other contracting authorities,NPP — Canteen in the Frontex new premises.,Services,NA,137 348 EUR,55500000 Canteen and catering services,The most economically advantageous tender in terms of,Open,https://ted.europa.eu/udl?uri=TED:NOTICE:309706-2014:TEXT:EN:HTML&src=0,137348.0,4,NA,The contract is likely to be sub-contracted: no,"["" Art'Impression Catering Sp. z o.o."", ' Wencel Sp. z o.o.']","[' Poland', ' Poland']",137 348 EUR,"[' Karczunkowska 170', ' Potockich 105a']","[' Warsaw', ' Warsaw']",False,137348.0," Art'Impression Catering Sp. z o.o., Wencel Sp. z o.o.",Hotel and restaurant services
121,304209-2014,2014,European Agency for the Management of Operational Cooperation at the External Borders of the Member States of the European Union — Frontex,Poland,NA,I.4)Contract award on behalf of other contracting authorities,Framework contract for provision of reception services for Frontex headquarters.,Services,NA,280 000 EUR,75100000 Administration services,The most economically advantageous tender in terms of,Open,https://ted.europa.eu/udl?uri=TED:NOTICE:304209-2014:TEXT:EN:HTML&src=0,280000.0,2,NA,The contract is likely to be sub-contracted: no,[' Securitas Polska Sp. z o.o.'],[' Poland'],480 000 EUR,[' ul. Cybernetyki 21'],[' Warsaw'],False,480000.0, Securitas Polska Sp. z o.o.,Administration services
122,263315-2014,2014,Frontex,Poland,NA,I.4)Contract award on behalf of other contracting authorities,Storage infrastructure and related services.,Supplies,NA,"201 970,67 EUR",30230000 Computer-related equipment,Lowest price,Open,https://ted.europa.eu/udl?uri=TED:NOTICE:263315-2014:TEXT:EN:HTML&src=0,201970.67,6,NA,The contract is likely to be sub-contracted: no,[' Asseco Poland S.A.'],[' Poland'],"201 971,67 EUR",[' Olchowa 14'],[' Rzeszów'],False,201971.67, Asseco Poland S.A.,Hardware
123,156158-2014,2014,European Agency for the Management of Operational Cooperation at the External Borders of the Member States of the European Union — Frontex,Poland,NA,I.4)Contract award on behalf of other contracting authorities,"Framework contract for development of SharePoint-based intranet, document management system and related services.",Services,NA,0 EUR,"72000000 IT services: consulting, software development, Internet and support",The most economically advantageous tender in terms of,Open,https://ted.europa.eu/udl?uri=TED:NOTICE:156158-2014:TEXT:EN:HTML&src=0,0.0,6,NA,,[' General Court'],[' Luxembourg'],0 EUR,[' rue du Fort Niedergrünewald'],[' Luxembourg'],False,0.0, General Court,Software
124,106392-2014,2014,Frontex,Poland,NA,I.4)Contract award on behalf of other contracting authorities,Pilot project on purchasing of aerial surveillance service for Frontex coordinated operational activities 2014.,Services,NA,270 000 EUR,60440000 Aerial and related services,The most economically advantageous tender in terms of,Open,https://ted.europa.eu/udl?uri=TED:NOTICE:106392-2014:TEXT:EN:HTML&src=0,270000.0,7,NA,The contract is likely to be sub-contracted: no,[' Diamond-Executive Aviation'],[' United Kingdom'],270 000 EUR,[' Retford Gamston Airport'],"[' Retford, Nottinghamshire']",False,270000.0, Diamond-Executive Aviation,Transport services
125,019784-2014,2014,Frontex,Poland,NA,I.4)Contract award on behalf of other contracting authorities,Study on advanced technological integration for solutions for under-foliage detection and their potential impact on border surveillance.,Services,NA,"74 251,59 EUR",73220000 Development consultancy services,The most economically advantageous tender in terms of,Open,https://ted.europa.eu/udl?uri=TED:NOTICE:019784-2014:TEXT:EN:HTML&src=0,74251.59,3,NA,The contract is likely to be sub-contracted: yes,[' Ingeniería de Sistemas para la Defensa de España SA'],[' Spain'],"74 251,59 EUR",[' Beatriz de Bobadilla Street'],[' Madrid (Madrid)'],True,74251.59, Ingeniería de Sistemas para la Defensa de España SA,Miscellaneous
126,017853-2014,2014,European Agency for the Management of Operational Cooperation at the External Borders of the Member States of the European Union — Frontex,Poland,NA,I.4)Contract award on behalf of other contracting authorities,Framework contract for maintenance and evolution of the Eurosur network.,Services,NA,12 000 000 EUR,"72000000 IT services: consulting, software development, Internet and support",The most economically advantageous tender in terms of,Restricted,https://ted.europa.eu/udl?uri=TED:NOTICE:017853-2014:TEXT:EN:HTML&src=0,12000000.0,3,NA,The contract is likely to be sub-contracted: yes,[' GMV Aerospace and Defence S.A.U.'],[' Spain'],12 000 000 EUR,"[' C/Isaac Newton, 11, P.T.M. Tres Cantos']",[' Madrid (Madrid)'],True,12000000.0, GMV Aerospace and Defence S.A.U.,Software
